-179,"PCR SPÉCIFIQUE SOJA ROUND UP READY ®","RRS"
-178,"PCR SPÉCIFIQUE MAÏS BT176","BT176"
-177,"PCR SPÉCIFIQUE MAÏS BT11","BT11"
-176,"PCR TERMINATEUR TNOS","Tnos"
-175,"PCR PROMOTEUR 35S","35S"
-174,"PCR DÉTECTION SOJA","SOJA"
-173,"PCR DÉTECTION MAÏS","MAIS"
-171,"VARIATION FLORE MICROBIENNE 37°C (/témoin)","VFM37"
-169,"CHECK-PRO","CPR"
-168,"CHALLENGE TEST","CHA"
-163,"Prolifération microbienne sur milieu thioglycolate","PM"
-162,"Prolifération microbienne sur milieu caseine-soja","PM"
-161,"TEST PRIONICS-CHECK","Pr-Check"
-160,"IDENTIFICATION DE LISTERIA MONOCYTOGENES","IDLM"
-156,"RECHERCHE DE THERMOPHILES 55°C ANAÉROBIES","RT55"
-155,"RECHERCHE DE RECHERCHE DE MICROORGANISMES 37°C","RM37"
-154,"RECHERCHE DE MICROORGANISMES 22°C","RM22"
-153,"CONSISTANCE","CONS"
-152,"TEXTURE","TEXT"
-151,"ODEUR","OD"
-150,"COULEUR","COUL"
-149,"ASPECT EXTERIEUR","AEXT"
-148,"EXAMEN ORGANOLEPTIQUE","EORG"
-147,"VARIATION FLORE MICROBIENNE 55°C (/témoin)","VFM55"
-146,"VARIATION FLORE MICROBIENNE 32°C (/témoin)","VFM32"
-145,"DEFORMATION APRES ETUVAGE 55°C (/témoin)","DEF55"
-144,"DEFORMATION APRES ETUVAGE 32°C (/témoin)","DEF32"
-143,"pH UNITE 55°C APRES ETUVAGE (/témoin)","PH55"
-142,"pH UNITE 32°C APRES ETUVAGE (/témoin)","PH32"
-141,"pH UNITE 30°C APRES ETUVAGE (/témoin)","PH30"
-140,"RECHERCHE DE MICROORGANISMES HALOPHILES 8°C","RGH8"
-139,"RECHERCHE DE MICROORGANISMES HALOPHILES 22°C","RGH22"
-138,"RECHERCHE DE THERMOPHILES 55°C AÉROBIES","RFM25"
-137,"RECHERCHE DE CANDIDA ALBICANS","ALBI"
-136,"RECHERCHE D'ENTEROCOQUES FECAUX","RENT"
-135,"RECHERCHE D'ENTÉROBACTÉRIES 37°C","REN37"
-134,"RECHERCHE DE LEVURES OSMOPHILES","RLEVO"
-133,"LISTERIA SPP 72H","SPP72"
-132,"LISTERIA SPP 48H","SPP48"
-131,"LISTERIA SPP 24H","SPP24"
-130,"LISTERIA MONOCYTOGENES 72H","L72"
-129,"LISTERIA MONOCYTOGENES 48H","L48"
-128,"LISTERIA MONOCYTOGENES 24H","L24"
-127,"RECHERCHE DE YERSINIA ENTÉROCOLITICA & PSEUDOTUBER","YEP"
-126,"RECHERCHE DE STERILITE PHARMACOPEE","STER"
-125,"RECHERCHE DE STAPHYLOCOQUES TOTAUX","STOT"
-124,"RECHERCHE DE SPORES THERMORESISTANTES","SPTH"
-123,"RECHERCHE DE SPORES THERMORESISTANTES 55°C","SPTT"
-122,"RECHERCHE DE SPORES THERMORESISTANTES 30°C","SPTM"
-121,"SEROTYPAGE SALMONELLE","SERO"
-120,"RECHERCHE DE SALMONELLA TYPHI-MURIUM","SALM"
-119,"RECHERCHE DE SALMONELLA ENTERITIDIS","SALM"
-118,"RECHERCHE DE SALMONELLA + SHIGELLA","S.S"
-115,"RECHERCHE DE pH APRES INCUBATION A 55°C","PH55"
-114,"RECHERCHE DE pH APRES INCUBATION A 37°C","PH37"
-113,"RECHERCHE DE MICROORGANISMES SPORULÉS AÉR 55°C","GST"
-112,"RECHERCHE DE MICROORGANISMES ANAÉROBIES 30°C","MANA"
-111,"RECHERCHE DE MÉSOPHILES 37°C ANAÉROBIES","M37AN"
-110,"RECHERCHE DE MÉSOPHILES 37°C AÉROBIES","M37A"
-109,"RECHERCHE DE LYSOTYPAGE LISTERIA","LLIS"
-108,"RECHERCHE DE CONTROLE DE STABILITE","STAB"
-107,"RECHERCHE DE CLOSTRIDIUM SULFITO REDUCTEURS","CSR"
-106,"RECHERCHE DE CLOSTRIDIUM BUTYRIQUES","CLB"
-105,"RECHERCHE DE CANDIDA","CAN"
-104,"RECHERCHE DE BACTERIES LACTIQUES 25°C","BL25"
-103,"RECHERCHE DE LEGIONELLA PNEUMOPHILA","LEGP"
-101,"RECHERCHE DE STAPHYLOCOQUES LECITINASE +","STL+"
-100,"RECHERCHE DE LEGIONELLA","LEG"
-99,"RECHERCHE DE MICROORGANISMES AÉROBIES 25°C","RF25"
-98,"RECHERCHE DE BACILLUS TOTAUX","RBACI.T"
-96,"RECHERCHE D'ENTÉROTOXINES STAPHYLOCOCCIQUES","RTOX"
-95,"RECHERCHE DE GERMES ÉTRANGERS","RGERETR"
-94,"RECHERCHE DE BROCHOTHRIX THERMOSPHACTA","RBrocho"
-93,"RECHERCHE DE FLORE SPORULÉE","RFloSpo"
-92,"RECHERCHE DE LEUCONOSTOC","RLeu"
-91,"RECHERCHE DE Culture","RCulture"
-90,"RECHERCHE DE STREPTOCOQUES FÉCAUX 44°C","RSF44°C"
-89,"RECHERCHE DE BACTÉRIES COLIFORMES 37°C","RBC37°C"
-88,"RECHERCHE DE MOISISSURES 24h/30°C","RMOI 30°"
-87,"RECHERCHE DE LEVURES 24h/30°C","RLEV 30°"
-86,"RECHERCHE DE LEVURES/MOISISSURES OSMOPHILES","RL/M Osm"
-85,"RECHERCHE DE MICROORGANISMES AÉROBIES 30°C","RBAM"
-83,"RECHERCHE DE MICROORGANISMES REVIVIFIABLES à 30°C","RM30"
-82,"RECHERCHE DE MICROORGANISMES HALOPHILES","RGH"
-81,"RECHERCHE DE MÉSOPHILES (corrigés des lactobacille","RGAM/Lac"
-80,"RECHERCHE DE MICRO-ORGANISMES CONTAMINANTS","RMC"
-74,"RECHERCHE DE VIBRIO CHOLERAE","RVIB"
-73,"RECHERCHE DE COLIFORMES 36°C","RC36"
-72,"RECHERCHE DE MICRO-ORGANISMES REVIVIFIABLES A 36°C","RM36"
-71,"RECHERCHE DE CAMPYLOBACTER JEJUNI / COLI","RCAMJ"
-70,"RECHERCHE DE CAMPYLOBACTER","RCAMP"
-69,"RECHERCHE DE ANAÉROBIES SULFITO-RÉDUCTEURS 37°C","RASR"
-68,"RECHERCHE DE BACILLUS FORME SPORULEE","RBFS"
-67,"RECHERCHE DE BACILLUS FORME VEGETATIVE","RBFV"
-66,"RECHERCHE DE VIBRIO PARAHAEMOLYTICUS","RVPA"
-65,"RECHERCHE DE YERSINIA","RYER"
-64,"RECHERCHE DE LACTOBACILLES","RLactob"
-63,"RECHERCHE DE STAPHYLOCOQUES PATHOGENES","RSP"
-62,"RECHERCHE DE CAMPYLOBACTER THERMOTOLERANTS","RCAM"
-61,"RECHERCHE DE pH","RpH"
-60,"RECHERCHE DE SHIGELLA","RSHI"
-58,"RECHERCHE DE SPORES AÉROBI TERMOPHILES NON GASOGEN","RSTNG"
-55,"RECHERCHE DE GERMES LIPOLYTIQUES","RGLI"
-54,"RECHERCHE DE SPORES BACTÉRIES ANAÉROBIES SULFITO-R","RSp.SR"
-53,"RECHERCHE DE COLIFORMES 37°C","RCol."
-52,"RECHERCHE DE MICRO-ORGANISMES REVIVIFIABLES A 37°C","RM37"
-51,"RECHERCHE DE SPORES BUTYRIQUES","RSBU"
-50,"RECHERCHE DE BACILLUS THERMOPHILES","RBTH"
-49,"RECHERCHE DE GERMES AEROBIES VIABLES TOTAUX","RGAV"
-48,"RECHERCHE DE MICROORGANISMES ANAÉROBIES 55°C","RGANT"
-47,"RECHERCHE DE MICROORGANISMES SPORULÉS ANAÉR. 55°C","RSP.AN.T"
-46,"RECHERCHE DE SPORES AEROBIES THERMOPHILES","RSP.A T."
-45,"RECHERCHE DE SPORES DE MOISISSURES","RSPM"
-44,"RECHERCHE DE TAC","RTAC"
-43,"RECHERCHE DE STREPTOCOQUES LACTIQUES","Rstrep.l"
-42,"RECHERCHE DE BACILLUS CEREUS FORME SPORULEE","RBCS"
-41,"RECHERCHE DE BACILLUS CEREUS FORME VEGETATIVE","RBCV"
-40,"RECHERCHE DE TEST 3M HUILE","RT3M"
-39,"RECHERCHE DE LISTERIA SPP","RLIS"
-38,"RECHERCHE DE FLORE GAZOGENE","RFL.GAZ"
-37,"RECHERCHE DE MICROORGANISMES SPORULÉS ANAÉR. 30°C","RSP.AN.M"
-36,"RECHERCHE DE MICRO-ORGANISMES REVIVIFIABLES A 22°C","RM22"
-35,"RECHERCHE DE MICROORGANISMES SPORULÉS AÉR. 30°C","RSP.A.M"
-34,"RECHERCHE DE LISTERIA MONOCYTOGENES","RListM"
-33,"RECHERCHE DE STREPTOCOQUES HÉMOLYTIQUES","RStr.Hém"
-32,"RECHERCHE DE PSEUDOMONAS AERUGINOSA","RPs.Aeru"
-31,"RECHERCHE DE FLORE PSYCHROTROPHE","RFP8"
-30,"RECHERCHE DE E.COLI 0157","R157"
-29,"RECHERCHE DE SPORES DE CLOSTRIDIUM PERFRINGENS","RSp.Cl.P"
-28,"RECHERCHE DE MICROORGANISMES AÉROBIES 55°C","RGAT"
-27,"RECHERCHE DE COLIFORMES 30°C","RCol.30"
-26,"RECHERCHE DE FLORE PSYCHROPHILE 4°C","RFPS"
-25,"RECHERCHE DE SPORES D'ANAÉROBIES SULFITO-RÉDUCTEUR","RSAS"
-24,"RECHERCHE DE GERMES THERMORESISTANTS","RGTR"
-23,"RECHERCHE DE CLOSTRIDIUM PERFRINGENS 37°C","RCl.Perf"
-22,"RECHERCHE DE GERMES TOTAUX 21°C","RGT 21"
-21,"RECHERCHE DE LEVURES/MOISISSURES 25°C","RLev/Moi"
-20,"RECHERCHE DE BACTERIES LACTIQUES","RFl.Lact"
-17,"RECHERCHE DE PSEUDOMONAS SPP 25°C","RPseudom"
-16,"RECHERCHE DE TENEUR EN ABVT exprimée en Azote","RABVT"
-15,"RECHERCHE DE STAPHYLOCOCCUS AUREUS","RStAu"
-14,"RECHERCHE DE BACILLUS CEREUS 30°C","RBac.Cer"
-13,"RECHERCHE DE GERMES TOTAUX 30°C","RGT 30"
-12,"RECHERCHE DE ESCHERICHIA COLI","RE. Coli"
-11,"RECHERCHE DE ENTÉROBACTÉRIES 30°C","REntérob"
-10,"RECHERCHE DE LEVURES 25°C","RLev"
-9,"RECHERCHE DE MOISISSURES 25°C","RMoisis"
-8,"RECHERCHE DE STREPTOCOQUES FÉCAUX","RStr.Féc"
-7,"RECHERCHE DE SALMONELLA","SAL"
-6,"RECHERCHE DE ANAÉROBIES SULFITO-RÉDUCTEURS 46°C","R.ASR"
-5,"RECHERCHE DE STAPHYLOCOQUES A COAGULASE POS. 37°C","R.SC+"
-4,"RECHERCHE DE COLIFORMES THERMOTOLÉRANTS 44°C","R.Col.Th"
-3,"RECHERCHE DE COLIFORMES 30°C","R.Col.30"
-2,"RECHERCHE DE GERMES AÉROBIES MÉSOPHILES","RGAM"
2,"MICROORGANISMES AÉROBIES 30°C","GAM"
3,"COLIFORMES 30°C","Col.30"
4,"COLIFORMES THERMOTOLÉRANTS 44°C","Col.Th"
5,"STAPHYLOCOQUES A COAGULASE POSITIVE 37°C","SC+"
6,"ANAÉROBIES SULFITO-RÉDUCTEURS 46°C","ASR 46°"
8,"STREPTOCOQUES FÉCAUX","Str.Féc"
9,"MOISISSURES 25°C","Moisis"
10,"LEVURES 25°C","Lev"
11,"ENTÉROBACTÉRIES 30°C","Entérob."
12,"ESCHERICHIA COLI","E. Coli"
13,"GERMES TOTAUX 30°C","GT 30"
14,"BACILLUS CEREUS 30°C","Bac.Cer."
15,"STAPHYLOCOCCUS AUREUS","StAu"
16,"TENEUR EN ABVT exprimée en Azote","ABVT"
17,"PSEUDOMONAS SPP 25°C","Pseudom."
20,"BACTERIES LACTIQUES 30°C","Fl.Lact."
21,"LEVURES/MOISISSURES 25°C","Lev/Moi"
22,"GERMES TOTAUX 21°C","GT 21"
23,"CLOSTRIDIUM PERFRINGENS 37°C","Cl.Perf."
24,"GERMES THERMORESISTANTS","GTR"
25,"SPORES D'ANAÉROBIES SULFITO-RÉDUCTEURS","SAS"
26,"FLORE PSYCHROPHILE 4°C","FPS"
27,"COLIFORMES 30°C","Col.30"
28,"MICROORGANISMES AÉROBIES 55°C","GAT"
29,"SPORES DE CLOSTRIDIUM PERFRINGENS","Sp.Cl.Pe"
30,"E.COLI 0157","0157"
31,"FLORE PSYCHROTROPHE","FP8"
32,"PSEUDOMONAS AERUGINOSA","Ps.Aerug"
33,"STREPTOCOQUES HÉMOLYTIQUES","Str.Hémo"
34,"LISTERIA MONOCYTOGENES","ListM"
35,"MICROORGANISMES SPORULÉS AÉROBIES 30°C","SP.A.M"
36,"MICRO-ORGANISMES REVIVIFIABLES A 22°C","M22"
37,"MICROORGANISMES SPORULÉS ANAÉROBIES 30°C","SP.AN.M"
38,"FLORE GAZOGENE","FL.GAZ"
39,"LISTERIA SPP","LIS"
40,"TEST 3M HUILE","T3M"
41,"BACILLUS CEREUS FORME VEGETATIVE","BCV"
42,"BACILLUS CEREUS FORME SPORULEE","BCS"
43,"STREPTOCOQUES LACTIQUES","strep.la"
44,"TAC","TAC"
45,"SPORES DE MOISISSURES","SPM"
46,"SPORES AEROBIES THERMOPHILES","SP.A T."
47,"MICROORGANISMES SPORULÉS ANAÉROBIES 55°C","SP.AN.T"
48,"MICROORGANISMES ANAÉROBIES 55°C","GANT"
49,"GERMES AEROBIES VIABLES TOTAUX","GAV"
50,"BACILLUS THERMOPHILES","BTH"
51,"SPORES BUTYRIQUES","SBU"
52,"MICRO-ORGANISMES REVIVIFIABLES A 37°C","M37"
53,"COLIFORMES 37°C","Col."
54,"SPORES BACTÉRIES ANAÉROBIES SULFITO-RÉDUCTEURS","Sp.SR"
55,"GERMES LIPOLYTIQUES","GLI"
56,"OXIFRIT TEST","OXI"
57,"ENTEROCOCQUES","Entq"
58,"SPORES AÉROBI TERMOPHILES NON GASOGENES","STNG"
59,"COLIFORMES THERMOTOLÉRANTS MPN","CTHM"
60,"SHIGELLA","SHI"
61,"pH","pH"
62,"CAMPYLOBACTER THERMOTOLERANTS","CAM"
63,"STAPHYLOCOQUES PATHOGENES","SP"
64,"LACTOBACILLES","Lactob"
65,"YERSINIA","YER"
66,"VIBRIO PARAHAEMOLYTICUS","VPA"
67,"BACILLUS FORME VEGETATIVE","BFV"
68,"BACILLUS FORME SPORULEE","BFS"
69,"ANAÉROBIES SULFITO-RÉDUCTEURS 37°C","ASR"
70,"CAMPYLOBACTER","CAMP"
71,"CAMPYLOBACTER JEJUNI / COLI","CAMJ"
72,"MICRO-ORGANISMES REVIVIFIABLES A 36°C","M36"
73,"COLIFORMES 36°C","C36"
74,"VIBRIO CHOLERAE","VIB"
75,"ALGUES","ALG"
76,"ENTEROCOCQUES (KA 37°C)","E37"
77,"ENTEROCOCQUES (KA 42°C)","E42"
78,"ENTEROCOCQUES (KF 37°C)","E37"
79,"ENTEROCOCQUES (KF 42°C)","E42"
80,"MICRO-ORGANISMES CONTAMINANTS","MC"
81,"MÉSOPHILES (corrigés des lactobacilles)","GAM/Lact"
82,"MICROORGANISMES HALOPHILES 30°C","GH30"
83,"MICROORGANISMES REVIVIFIABLES 30°C","M30"
84,"MICROCOQUES","MCC"
85,"MICROORGANISMES AÉROBIES 30°C","BAM"
86,"LEVURES/MOISISSURES OSMOPHILES","L/M Osmo"
87,"LEVURES 24h/30°C","LEV 30°C"
88,"MOISISSURES 24h/30°C","MOI 30°C"
89,"BACTÉRIES COLIFORMES 37°C","BC37°C"
90,"STREPTOCOQUES FÉCAUX 44°C","SF44°C"
91,"Culture","Culture"
92,"LEUCONOSTOC","Leu"
93,"FLORE SPORULÉE","FloSpo"
94,"BROCHOTHRIX THERMOSPHACTA","Brocho"
95,"GERMES ÉTRANGERS","GERETR"
96,"ENTÉROTOXINES STAPHYLOCOCCIQUES","TOX"
97,"E. COLI MPN","ECOM"
98,"BACILLUS TOTAUX","BACI.T"
99,"MICROORGANISMES AÉROBIES 25°C","F25"
100,"LEGIONELLA","LEG"
101,"STAPHYLOCOQUES LECITINASE +","STL+"
103,"LEGIONELLA PNEUMOPHILA","LEGP"
104,"BACTERIES LACTIQUES 25°C","BL25"
105,"CANDIDA","CAN"
106,"CLOSTRIDIUM BUTYRIQUES","CLB"
107,"CLOSTRIDIUM SULFITO REDUCTEURS","CSR"
108,"CONTROLE DE STABILITE","STAB"
109,"LYSOTYPAGE LISTERIA","LLIS"
110,"! DNB MÉSOPHILES 37°C AÉROBIES","M37A"
111,"! DNB MÉSOPHILES 37°C ANAÉROBIES","M37AN"
112,"MICROORGANISMES ANAÉROBIES 30°C","MANA"
113,"MICROORGANISMES SPORULÉS AÉROBIES 55°C","GST"
114,"pH APRES INCUBATION A 37°C","PH37"
115,"pH APRES INCUBATION A 55°C","PH55"
116,"pH UNITÉ TÉMOIN","PHT"
118,"SALMONELLA + SHIGELLA","S.S"
119,"SALMONELLA ENTERITIDIS","SALM"
120,"SALMONELLA TYPHI-MURIUM","SALM"
122,"SPORES THERMORESISTANTES 30°C","SPTM"
123,"SPORES THERMORESISTANTES 55°C","SPTT"
124,"SPORES THERMORESISTANTES","SPTH"
125,"STAPHYLOCOQUES TOTAUX","STOT"
126,"STERILITE PHARMACOPEE","STER"
127,"YERSINIA ENTÉROCOLITICA & PSEUDOTUBERCULOSIS","YEP"
128,"DENOMBREMENT LISTERIA MONOCYTOGENES 24H","L24"
129,"DENOMBREMENT LISTERIA MONOCYTOGENES 48H","L48"
130,"DENOMBREMENT LISTERIA MONOCYTOGENES 72H","L72"
131,"DENOMBREMENT LISTERIA SPP 24H","SPP24"
132,"DENOMBREMENT LISTERIA SPP 48H","SPP48"
133,"DENOMBREMENT LISTERIA SPP 72H","SPP72"
134,"LEVURES OSMOPHILES","LEVO"
135,"ENTÉROBACTÉRIES 37°C","ENT37"
136,"ENTEROCOQUES FECAUX","ENT"
137,"! DÉNOMBREMENT DE CANDIDA ALBICANS","ALBI"
138,"! DNB THERMOPHILES 55°C AÉROBIES","TA55"
139,"MICROORGANISMES HALOPHILES 22°C","GH22"
140,"MICROORGANISMES HALOPHILES 8°C","GH8"
141,"VARIATION pH UNITE 30°C APRES ÉTUVAGE (/témoin)","VPH30"
142,"VARIATION pH UNITE 32°C APRES ÉTUVAGE (/témoin)","VPH32"
143,"VARIATION pH UNITE 55°C APRES ÉTUVAGE (/témoin)","VPH55"
144,"! DNB DEFORMATION APRES ETUVAGE 32°C (/témoin)","!DEF"
145,"! DNB DEFORMATION APRES ETUVAGE 32°C (/témoin)","!DEF"
146,"! DNB VARIATION FLORE MICROBIOENNE 32°C (/témoin)","!VFM"
147,"! DNB VARIATION FLORE MICROBIOENNE 55°C (/témoin)","!VFM"
148,"! DNB EXAMEN ORGANOLEPTIQUE","!EORG"
149,"! DNB ASPECT EXTERIEUR","!AEXT"
150,"! DNB COULEUR","!COUL"
151,"!DNB ODEUR","!OD"
152,"! DNB TEXTURE","!TEXT"
153,"! DNB CONSISTANCE","!CONS"
154,"MICROORGANISMES 22°C","M22"
155,"MICROORGANISMES 37°C","M37"
156,"! DNB THERMOPHILES 55°C ANAÉROBIES","TAN55"
157,"TYPAGE LISTERIA MONOCYTOGENES","TLM"
158,"IDENTIFICATION DE GERMES","IDG"
159,"IDENTIFICATION DE MOISISSURES","IDMOI"
160,"ASPERGILLUS","ASPR"
164,"ENDOTOXINES","END"
165,"IDENTIFICATION LEGIONELLA","ILEG"
166,"VARIATION pH UNITE 37°C APRES ETUVAGE (/témoin)","VPH37"
167,"SEROGROUPE LEGIONELLA PNEUMOPHILA","SLEG"
170,"BACTERIES LACTIQUES","BLA"
172,"SPORES DE CLOSTRIDIUM SULFITO-REDUCTEURS","SCSR"
173,"PCR DÉTECTION MAÏS","MAIS"
174,"PCR DÉTECTION SOJA","SOJA"
175,"PCR PROMOTEUR 35S","35S"
176,"PCR TERMINATEUR TNOS","Tnos"
177,"PCR SPÉCIFIQUE MAÏS BT11","BT11"
178,"PCR SPÉCIFIQUE MAÏS BT176","BT176"
179,"PCR SPÉCIFIQUE SOJA ROUND UP READY ®","RRS"
180,"MOISISSURES","MOI"
900,"!SURCOUT PARAMETRE MICROBIO ISOLÉ","SPE"
901,"!FRAIS PREPARATION ECHANTILLONS","SPE"
902,"!FRAIS DE CONSERVATION DLC","SPE"
903,"!FRAIS DE DEPLACEMENT SUPPLEMENTAIRES","SPE"
904,"!CONFORMITE CAHIER DES CHARGES","SPE"
906,"!FRAIS DE DEPLACEMENT PROVINCE","SPE"
907,"!FRAIS DE DEPLACEMENT ILE DE FRANCE","SPE"
908,"!REEDITION D'UN BULLETIN","SPE"
909,"!ENVOI FAX","SPE"
910,"!SURCOUT SEUILS SOPARVOL BIGNON","SPE"
911,"!SURCOUT ANALYSE COFRAC","COFRAC"
912,"!EVALUATION ENVIRONNEMENT","ENV"
913,"!ATTENTE COMPLÉMENT D'INFORMATION CLIENT","ATCI"
914,"!SURCOUT PARAMETRE CHIMIE ISOLÉ","SPE"
1001,"ABVT",""
1002,"ACESULFAME de K",""
1003,"ACIDE ACETIQUE",""
1004,"ACIDE AMINE",""
1005,"VITAMINE C",""
1008,"ACIDE BENZOIQUE (1)",""
1009,"ACIDE CITRIQUE",""
1010,"ACIDE DEHYDROASCORBIQUE",""
1011,"ACIDE DEHYDROASCORBIQUE (2)",""
1012,"ACIDE D3 HYDROXYBUTYRIQUE",""
1013,"ACIDE GLUTAMIQUE",""
1014,"ACIDE GLYCYRRHIZIQUE",""
1015,"ACIDE L LACTIQUE",""
1016,"ACIDE MALIQUE",""
1017,"ACIDE MALIQUE (2)",""
1018,"ACIDE PHOSPHORIQUE",""
1019,"DEFAUTS (2)",""
1020,"ACIDE SORBIQUE (2)",""
1021,"ACIDE TARTRIQUE",""
1022,"ACIDES GRAS TRANS.",""
1023,"ACIDES GRAS",""
1024,"ACIDITE TOTALE",""
1025,"ACIDITE TOTALE (2)",""
1026,"ACIDITE VOLATILE",""
1027,"AGENTS DE SURFACE ANIONIQUES",""
1028,"AFLATOXINES (B1-B2-G1-G2)",""
1029,"AFLATOXINES (M1)",""
1030,"ALCALINITE DES CENDRES",""
1031,"ALCOOLS SUPERIEURS (CPG)",""
1032,"ALCOOL RESIDUEL",""
1033,"ALDEHYDE PHB",""
1034,"ALLYLSENEVOL",""
1035,"ALPHA - AMYLASE",""
1036,"ALUMINIUM",""
1037,"ALUMINIUM (2)",""
1038,"ALVEOGRAMME CHOPIN",""
1039,"ALVEOGRAMME CHOPIN (2)",""
1040,"AMERTUME",""
1041,"AMIDON (1)",""
1042,"AMIDON",""
1043,"AMIDON  (recherche)",""
1044,"AMINOGRAMME DETAILLE",""
1045,"AMMONIUM",""
1046,"AMYLOGRAMME (1)",""
1047,"AMYLOGRAMME",""
1048,"ANALYSE POLLINIQUE QUALITATIVE",""
1049,"ANETHOLE (1)",""
1050,"ANETHOLE (2)",""
1051,"ANETHOLE (3:chromatographie)",""
1052,"ANHYDRIDE CARBONIQUE",""
1053,"ANHYDRIDE SULFUREUX",""
1054,"ANILIDES",""
1055,"Anti-oxygène",""
1056,"ANTIBIOTIQUES (1)",""
1057,"ANTIBIOTIQUES (2)",""
1059,"ARSENIC (1)",""
1060,"ARSENIC",""
1061,"ASPARTAME",""
1062,"GLUCOSE + SACCHAROSE + MALTOSE",""
1063,"AZOTE AMONIACAL",""
1064,"AZOTE KJELDAHL",""
1065,"AZOTE SOLUBLE",""
1066,"BENZOPYRENE",""
1067,"BLE TENDRE (Recherche)",""
1068,"BRILLANCE ET STABILITE COLLOIDALE",""
1069,"EXTRAIT SEC REFRACTOMETRIQUE (BRIX)",""
1070,"BROMURES",""
1071,"CADAVERINE",""
1072,"CADMIUM",""
1073,"CADMIUM (2)",""
1074,"CAFEINE",""
1075,"CALCIUM",""
1076,"CALCIUM (2)",""
1077,"CALIBRE (1)",""
1078,"B CAROTENE",""
1079,"CELLULOSE",""
1080,"CENDRES A 550°",""
1081,"CENDRES SOLUBLES DANS L'EAU",""
1082,"CENDRES INSOLUBLES DANS L'EAU",""
1083,"CENDRES SULFURIQUES",""
1084,"CHLORURES  (en NaCl)",""
1085,"CHOLINE",""
1086,"CO2",""
1087,"COBALT (1)",""
1088,"COBALT (2)",""
1089,"COCCIDIOSTATIQUES",""
1090,"COLLAGENE",""
1092,"COLORANTS ARTIFICIELS (Recherche)",""
1093,"COLORANTS ARTIFICIELS (Détermination)",""
1094,"COLORANTS NATURELS",""
1095,"COMPOSANTS P. EPICERIE",""
1096,"COMPOSANTS P.FRAIS",""
1097,"COMPOSES POLAIRES",""
1098,"COMPTAGE DE PIECES",""
1099,"CONDUCTIVITE 20°C",""
1100,"CONTROLE PASTEURISATION",""
1101,"CORPS ETRANGERS",""
1102,"COULEUR CAFES",""
1103,"COULEUR JAUNE D'OEUF 1",""
1104,"COULEUR LOVIBOND",""
1105,"CREATININE",""
1106,"CUIVRE",""
1107,"CUIVRE (2)",""
1108,"DBO 5",""
1109,"DCO",""
1110,"DEFAUTS (1)",""
1112,"DEGRE ALCOOLIQUE",""
1113,"DENSITE à 20° C (1)",""
1114,"DENSITE à 20° C (2)",""
1115,"DENSITE SUR DISTILLAT",""
1116,"DENSITE OPTIQUE",""
1117,"DEPRESSION INTERNE",""
1118,"DIACETYLE",""
1119,"DIMENSIONS",""
1120,"DIOXYDE DE SOUFRE",""
1121,"EAUX 2 (Analyse C2)",""
1122,"EAUX 3 (Analyse C3)",""
1123,"EAUX 4 (Analyse C4a)",""
1124,"EAUX 5 (Analyse C4b)",""
1125,"EAUX 6 (Analyse C4c)",""
1126,"EAUX 7 (Analyse C4d)",""
1127,"EDULCORANTS",""
1128,"ELEMENTS MINERAUX (2)",""
1129,"ESPECE POISSON",""
1130,"ESPECE CAFE",""
1131,"ESSAI DE LOUCHISSEMENT",""
1132,"ETAIN (1)",""
1133,"ETAIN (2)",""
1134,"ETHANAL",""
1135,"ETHANOL (1)",""
1136,"ETHANOL",""
1138,"EXAMEN ORGANOLEPTIQUE",""
1139,"EXTINCTION SPECIFIQUE E 270",""
1140,"EXTRAIT SEC REEL",""
1141,"EXTRAIT ETHERE NON VOLATIL",""
1142,"EXTRAIT SEC  MOU INITIAL",""
1143,"EXTRAIT SEC REFRACTOMETRIQUE",""
1144,"HYDROCARBURES POLYAROMATIQUES (HAP)",""
1145,"EXTRAIT SEC TOTAL",""
1146,"EXTRAIT SEC TOTAL 3",""
1147,"EXTRAIT SEC TOTAL 4",""
1148,"EXTRAIT SEC TOTAL 5",""
1149,"FARINE BRABENDER (1)",""
1150,"FARINE BRABENDER",""
1151,"FER",""
1152,"FER (2)",""
1153,"Fibres Alimentaires Totales",""
1154,"FILTH TEST",""
1155,"FOISONNEMENT %",""
1156,"FONGICIDES",""
1157,"FRUCTOSE",""
1158,"FRUCTOSE + GLUCOSE",""
1159,"GALACTOSE",""
1160,"GLAZURAGE",""
1161,"GLUCIDES",""
1162,"GLUCOSE",""
1163,"GLUCOSE + SACCHAROSE",""
1164,"GLUCOSE + FRUCTOSE + SACCHAROSE",""
1165,"GLUTEN (1)",""
1166,"GLUTEN",""
1167,"GRANULOMETRIE SIMPLE",""
1168,"GRANULOMETRIE COMPLETE 2",""
1169,"GRANULOMETRIE SIMPLE (3)",""
1170,"GRAS VISUEL",""
1171,"HERBICIDES",""
1172,"HISTAMINE (Dosage)",""
1173,"HISTAMINE (RECHERCHE)",""
1174,"HISTOLOGIE",""
1176,"HPDA",""
1177,"HUILES ESSENTIELLES %",""
1178,"HUILES ESSENTIELLES (QUALITE)",""
1179,"HUILES ESTERIFIEES",""
1180,"INDICE DE PHENOL",""
1181,"HUMIDITE (5)",""
1182,"HYDROCARBURES LEGERS",""
1183,"HYDROCARBURES LOURDS",""
1184,"HYDROXYMETHYLFURFURAL",""
1185,"IMPURETES",""
1186,"INDICE D'IMBIBITION",""
1187,"INDICE DE FORMOL",""
1188,"INDICE DE KREISS",""
1189,"INDICE DE PEROXYDE",""
1190,"INDICE DIASTASIQUE",""
1191,"INDICE D'IODE",""
1192,"INDICE DE POLYPHENOLS",""
1193,"INDICE DE REFRACTION",""
1194,"INDOL",""
1195,"INSAPONIFIABLE %",""
1196,"INSOLUBLE A L'EAU/MIELS",""
1197,"INTENSITE COLORANTE",""
1198,"LACTOSE",""
1199,"LACTOSE + GALACTOSE",""
1200,"LIGNINE",""
1201,"LIMONENE",""
1202,"LIPIDES (1)",""
1203,"LIPIDES",""
1204,"LIPOIDES (résultat expérimental)",""
1205,"MALTOSE (1)",""
1206,"MAGNESIUM",""
1207,"MANGANESE",""
1208,"AZOTE TOTAL",""
1209,"MATIERES EN SUSPENSION",""
1210,"TENEUR EN ARETES",""
1211,"MATIERES GRASSES TOTALES",""
1212,"MATIERES GRASSES LIBRES",""
1213,"MATIERES GRASSES BUTYROMETRIQUES",""
1214,"MATIERES MINERALES",""
1215,"MATIERES ORGANIQUES",""
1216,"COMPOSES ORGANOHALOGENES VOLATILS",""
1217,"METAUX LOURDS",""
1218,"MERCURE",""
1219,"METHANOL",""
1220,"MIEL",""
1221,"MISCIBILITE",""
1222,"MOLYBDENE (1)",""
1223,"MONOGLYCERIDES",""
1224,"MOUILLABILITE",""
1226,"NATURE ET DOSAGE DES SUCRES",""
1227,"NATURE AROME VANILLE",""
1228,"NITRATES en NaNO3",""
1229,"NITRATES",""
1230,"NITRITES en NaNO2",""
1231,"NITRITES en NO2-",""
1232,"NITRITES + NITRATES",""
1233,"NUANCE",""
1234,"OCHRATOXINE",""
1235,"O2 DISSOUS",""
1236,"POURCENTAGE DE PANURE",""
1237,"PATULINE",""
1238,"PCB",""
1239,"PESTICIDES COMPLETS",""
1240,"MOLYBDENE (2)",""
1244,"PIMARICINE",""
1245,"pH",""
1246,"pH",""
1247,"PHOSPHATASE",""
1248,"PHOSPHATES TOTAUX EXPRIMES EN P2O5",""
1249,"PHOSPHORE",""
1250,"PIPERINE",""
1251,"PLOMB",""
1252,"POIDS NET EXPERIMENTAL",""
1253,"POIDS NET EGOUTTE",""
1254,"POINT DE FUSION",""
1255,"POTASSIUM",""
1257,"! PRISE EN CHARGE DE L'ECHANTILLON",""
1258,"PROTEINES (1: N x 5,7)",""
1259,"PROTIDES (1: N x 5,7)",""
1260,"PROPIONATE (Recherche)",""
1261,"PULPE %",""
1262,"RADIOACTIVITE ßeta ou gamma",""
1263,"REPARTITION DE L'EAU",""
1264,"RESIDUS SOLVANTS CHLORES",""
1265,"RESIDU SEC TOTAL",""
1266,"SO2 TOTAL",""
1267,"S02 Libre",""
1268,"SO2 TOTAL (2)",""
1269,"SACCHARINE",""
1270,"SACCHAROSE",""
1271,"SACCHAROSE (2)",""
1272,"SAVONS",""
1273,"SEL (NaCl)",""
1274,"SELS",""
1275,"SODIUM 1",""
1276,"SOLVANTS D'EMBALLAGE",""
1277,"SORBATE (RECHERCHE)",""
1278,"SPECTRE UV",""
1279,"STABILITE (CONSERVE)",""
1280,"STERILITE (CONSERVE)",""
1281,"STEROLS (Nature et % de stérols)",""
1282,"STRONTIUM 90/1",""
1283,"SUBST. EXTRACTIBLES PAR CHLOROFORME",""
1285,"SUCRES (IDENTIFICATION)",""
1286,"SUCRES INVERTIS",""
1287,"SUCRES REDUCTEURS",""
1288,"SUCRES REFRACTOMETRIQUES",""
1289,"SUCRES SOLUBLES TOTAUX (2)",""
1290,"SUCRES TOTAUX",""
1291,"SULFATES",""
1292,"SULFURE D'ALLYLE",""
1293,"Taux de gelatinisation",""
1294,"TENEUR EN JUS",""
1295,"TENEUR EN LAIT",""
1296,"TENEUR EN OEUFS",""
1297,"TEMPS DE CHUTE DE HAGBERT",""
1298,"TENUE DE MOUSSE",""
1299,"TEST DE CUISSON",""
1300,"TEST DE HOWARD",""
1301,"TEST DE PASTEURISATION",""
1302,"TETRACHLORETHYLENE",""
1303,"THEOBROMINE",""
1304,"TITRE ALCOOMETRIQUE ACQUIS",""
1305,"TITRE ALCOOMETRIQUE TOTAL",""
1306,"TRIGLYCERIDES",""
1307,"TRIGLYCERIDES OXYDES",""
1308,"TRIMETHYLAMINE",""
1309,"TRYPTOPHANE",""
1310,"UNITE DE HAUGH",""
1311,"UREE",""
1313,"VALEUR CALORIQUE (en Kjoules)",""
1314,"VANILLINE NATURELLE (Recherche)",""
1315,"VISCOSITE",""
1316,"VITAMINE A",""
1317,"VITAMINE B1",""
1318,"VITAMINE B2",""
1319,"VITAMINE B5",""
1320,"VITAMINE B6",""
1321,"VITAMINE B9",""
1322,"VITAMINE B12",""
1323,"VITAMINE C   /1",""
1324,"VITAMINE D3",""
1325,"VITAMINE E",""
1326,"VITAMINE B3",""
1327,"VOLUME  EXPERIMENTAL",""
1328,"VOMITOXINE (Recherche)",""
1329,"ZEARALENONE",""
1330,"ZINC",""
1331,"SELENIUM (1)",""
1332,"SELENIUM (2)",""
1333,"CYANURE",""
1334,"CYANURE (2)",""
1335,"CHROME (1)",""
1336,"CHROME (2)",""
1337,"BORE (1)",""
1338,"BORE (2)",""
1339,"COLLAGENE/PROTEINES",""
1340,"GLUCIDES",""
1341,"HPD",""
1342,"HPDA",""
1343,"HUMIDITE",""
1344,"HUMIDITE (3)",""
1345,"HUMIDITE (4)",""
1346,"MAGNESIUM (2)",""
1347,"MANGANESE (2)",""
1348,"MATIERES SECHES",""
1349,"MATIERES SECHES (3)",""
1350,"MATIERES SECHES (4)",""
1351,"MATIERES SECHES (5)",""
1352,"ORGANOCHLORÉS (1)",""
1353,"ORGANOCHLORES (la famille)",""
1354,"ORGANOCHLORÉS (3)",""
1355,"ORGANOCHLORÉS",""
1356,"ORGANOCHLORÉS (3 + PCB)",""
1357,"ORGANOCHLORÉS (4 + PCB)",""
1358,"ORGANOPHOSPHORÉS (3)",""
1359,"ORGANOPHOSPHORÉS",""
1360,"Organo P + Organo Chl",""
1361,"Organo P + organo Chl",""
1362,"Organo P + Organo Chl + PCB",""
1363,"Organo P + Organo Chl + PCB",""
1364,"PCB (2)",""
1365,"PLOMB (2)",""
1366,"POTASSIUM (2)",""
1367,"SODIUM 2",""
1368,"STRONTIUM 90/2",""
1369,"VALEUR ENERGETIQUE (1)",""
1370,"VALEUR ENERGETIQUE (en Kjoules)",""
1371,"ZINC (2)",""
1372,"CHROMATOGRAPHIE Alcools supérieurs",""
1374,"CALCIUM/PHOSPHORE",""
1375,"MICROBIOLOGIE",""
1377,"MATIERES SECHES NON GRASSES (2)",""
1378,"COULEUR 1",""
1379,"LIMPIDITE",""
1380,"DENSITE APPARENTE 15/4",""
1381,"EXTRAIT SEC APPARENT",""
1382,"NOMBRE D'ELEMENTS",""
1383,"CARACTERES ORGANOLEPTIQUES (1)",""
1384,"CHLORURE DE SODIUM",""
1385,"SUCRES (Dosage CLHP)",""
1386,"VOLUME CALCULE",""
1387,"RAPPORT GLUCOSE/FRUCTOSE",""
1388,"RAPPORT GLUCOSE/FRUCTOSE (2)",""
1389,"MICROBIOLOGIE (TYPE 1)",""
1390,"EXAMEN MICROSCOPIQUE",""
1391,"DENSITE",""
1392,"ACIDITE MATIERE GRASSE",""
1393,"POURCENTAGE D'INGREDIENTS 1",""
1394,"POIDS NET ENVELOPPE",""
1395,"REPARTITION DES VARIETES",""
1397,"MATIERES ETRANGERES VEGETALES",""
1398,"Aspect liquide couverture",""
1400,"TMA/ABVT",""
1401,"CONSERVATEURS (RECHERCHE)",""
1402,"EXTRAIT SEC DEGRAISSE",""
1403,"MATIERES GRASSES/ MATIERES SECHES",""
1404,"RESIDU SEC A 180° C",""
1405,"BICARBONATES",""
1406,"RECHERCHE LISTERIA",""
1408,"IMPURETES MINERALES (Sable)",""
1409,"POIDS MOYEN",""
1410,"HAUTEUR DE CHAMBRE",""
1411,"TITRE ALCOOMETRIQUE EN PUISSANCE",""
1412,"TITRE ALCOOMETRIQUE REEL A 20° C",""
1413,"NATURE DE L'HUILE",""
1414,"POIDS NET NET",""
1415,"RECHERCHE DES ARETES",""
1416,"CARACTERES ORGANOLEPTIQUES (2)",""
1417,"POURCENTAGE D'INGREDIENTS 2",""
1418,"BRIX CORRIGE/ACIDITE",""
1419,"RESIDU SEC A 100° C",""
1420,"(Traitement de texte)",""
1421,"ELEMENTS MINERAUX (1)",""
1422,"EXAMEN ORGANOLEPTIQUE (2)",""
1423,"PROTEINES (2: N x 6,25)",""
1424,"PROTEINES (3: N x 6,38)",""
1425,"PROTIDES (2: N x 6,25)",""
1426,"PROTIDES (3: N x 6,38)",""
1427,"MASSE VOLUMIQUE à 20°C",""
1428,"EXTRAIT SEC DENSIMETRIQUE",""
1429,"NATURE DE LA MATIERE GRASSE",""
1430,"VITAMINES (A PRECISER)",""
1436,"NOMBRE DE VARIETES",""
1437,"FRUCTOSE (2: par CLHP)",""
1438,"GALACTOSE (2: par CLHP)",""
1439,"GLUCOSE (2: par CLHP)",""
1440,"SACCHAROSE (par CLHP)",""
1441,"LACTOSE (2: par CLHP)",""
1442,"MALTOSE (2: par CLHP)",""
1443,"TURBIDITE",""
1444,"RESISTIVITE 20 °C",""
1445,"TITRE HYDROMÉTRIQUE (TH)",""
1446,"TA",""
1447,"TAC",""
1448,"OXYDABILITE A CHAUD 10 mn",""
1449,"SILICE",""
1450,"FLUORURES",""
1451,"CENDRES SUR SEC",""
1452,"PROTEINES SUR SEC",""
1453,"ACIDITE SUR SEC",""
1454,"POIDS D'UN ELEMENT",""
1455,"Analyse pollinique quantitative",""
1457,"ORGANOPHOSPHORÉS (1)",""
1458,"ORGANOPHOSPHORÉS (2: la famille)",""
1459,"Organo soufrés",""
1460,"CARBAMATES",""
1461,"PYRETHRINOIDES DE SYNTHESE (1)",""
1462,"PYRETHRINOIDES DE SYNTHESE (2)",""
1463,"Benomyl,carbendazine,thiophanates,fongic",""
1464,"DITHIOCARBAMATES",""
1465,"IMAZALIL",""
1466,"Organo Chl + Pyrethrinoides",""
1467,"Organo P + Organo Chl + Pyrethrinoïdes",""
1468,"SULFATES",""
1469,"VOMITOXINE (Dosage)",""
1470,"EAUX 1 (Analyse C1)",""
1471,"DURETE TOTALE",""
1472,"INDICE DE SAPONIFICATION",""
1473,"TAUX D'EXSUDAT",""
1474,"TEMPS DE DISSOLUTION",""
1475,"TAUX D'AFFAISSEMENT",""
1476,"IDENTIFICATION PARASITE",""
1477,"CHLORURE DE METHYLENE",""
1478,"TRIAZINES",""
1479,"UREES SUBSTITUEES (1)",""
1480,"UREES SUBSTITUEES (2)",""
1481,"PHENOXY ACIDES (1)",""
1482,"PHENOXY ACIDES (2)",""
1483,"AMIDON EWERS",""
1484,"IDENTIFICATION GRAINS AMIDON",""
1485,"EXTENSOGRAPHE",""
1486,"TEST DE ZELENY",""
1487,"MACHINABILITE",""
1488,"CENDRES/ALCALINITE DES CENDRES",""
1489,"Ac TARTRIQUE/ACIDITE TOTALE",""
1490,"PHOSPHORE/CENDRES",""
1491,"AC. PANTHOTENIQUE = B5",""
1492,"ACIDE FOLIQUE",""
1493,"VANADIUM (1)",""
1494,"VANADIUM (2)",""
1495,"FLUORURES (2)",""
1496,"IODURES 1",""
1497,"PROVITAMINE A",""
1498,"SORBITOL 1",""
1500,"CHOLESTEROL (1)",""
1501,"POURCENTAGE DE JUS",""
1502,"FERMETE",""
1503,"GLUTAMATE DE Na",""
1504,"RESIDU SEC SEL DEDUIT",""
1505,"RESIDUS DE SOLVANTS (HEXANE)",""
1506,"EXTINCTION SPECIFIQUE E 232 / E 270",""
1507,"DEGRE ACETIMETRIQUE",""
1508,"POLARISATION",""
1509,"NOTE DE COULEUR",""
1510,"COLORATION EN SOLUTION",""
1511,"POIDS DU LIQUIDE D'EGOUTTAGE",""
1512,"EAU DANS HUILE",""
1514,"CREATININE / PROTEINES 2",""
1515,"GRANULOMETRIE SIMPLE (2)",""
1516,"MONOSTEARATE DE GLYCEROL",""
1517,"PALMITATE D'ASCORBYLE",""
1518,"POURCENTAGE DE GARNITURE",""
1519,"ABVT / AZOTE TOTAL",""
1520,"ELEMENTS HORS CALIBRE",""
1521,"BIOTINE",""
1522,"POIDS SPECIFIQUE",""
1523,"RECHERCHE DE PARASITE",""
1524,"POURCENTAGE DE BYSSUS",""
1525,"POURCENTAGE CHAIR HACHEE - FILET DE POIS",""
1526,"POURCENTAGE DE CREME",""
1527,"AW",""
1528,"Présence de peroxyde",""
1529,"BISULFITE DE SODIUM",""
1530,"SOLUBILISATION",""
1531,"MATIERES MINERALES SUR SEC",""
1532,"AFFAISSEMENT (10 - 20 mn)",""
1533,"NON EXPULSABLE",""
1534,"STABILITE (PRODUITS LAITIERS)",""
1535,"OXYGENE RESIDUEL",""
1536,"NaCl / MATIERE SECHE",""
1537,"HUMIDITE / PROTEINES",""
1538,"TENUE DE FOISONNEMENT",""
1539,"TEST CAFE",""
1540,"pH EN SOLUTION",""
1541,"CENDRES INSOLUBLES DANS Hcl",""
1542,"ANTIMOINE (1)",""
1543,"ANTIMOINE (2)",""
1544,"NICKEL (1)",""
1545,"NICKEL (2)",""
1546,"CONTROLE D'ETIQUETAGE",""
1547,"CONTROLE DU SERTISSAGE",""
1548,"CONTROLE DE BOMBAGE ET FLOCHAGE",""
1549,"CONTROLE DU VERNIS",""
1550,"VISCOSITE CHOCOLAT",""
1551,"MICROBIOLOGIE (TYPE 2)",""
1552,"POURCENTAGE CACAO 1",""
1554,"POURCENTAGE AMANDE ABRICOT",""
1555,"COULEUR MINOLTA",""
1556,"POINT ECLAIR",""
1557,"L(-) HYDROXYPROLINE",""
1558,"CELLULOSE (2)",""
1559,"THIAMINE",""
1560,"VITAMINE H",""
1561,"VITAMINE B8",""
1562,"RIBOFLAVINE",""
1563,"PYRIDOXAL",""
1564,"NIACINE",""
1565,"Lipides rapportés à l'HPD réglementaire",""
1566,"Lipides rapportés à l'HPDA réglementaire",""
1567,"Lipides rapportés à l'HPD 77",""
1568,"Taux d'insoluble",""
1569,"GLUCIDES ASSIMILABLES",""
1570,"POURCENTAGE DE FOURRAGE",""
1571,"NOMBRE D'ELEMENTS DE CHAQUE VARIETE",""
1572,"LIPIDES (0)",""
1573,"NATURE DE L'HUILE + DOSAGE AC GRAS",""
1575,"CALIBRE",""
1576,"CALIBRE (3)",""
1577,"CHLORURES (en Cl-)",""
1578,"HPD (3: corrigée de la teneur en sucres)",""
1579,"TENEUR EN BEURRE DE CACAO (1)",""
1581,"TENEUR EN BEURRE DE CACAO (3)",""
1582,"LIMITE D'ECOULEMENT 1",""
1583,"SORBATE",""
1584,"CHLORE RESIDUEL",""
1585,"TEMPERATURE",""
1586,"TITRE ALCALIMETRIQUE COMPLET (TAC)",""
1587,"CARBONATES",""
1588,"HYDROGENOCARBONATES",""
1589,"HYDROGENE SULFURE (Recherche)",""
1590,"HYDROGENE SULFURE (Dosage)",""
1591,"MICROBIOLOGIE (TYPE 3)",""
1592,"MICROBIOLOGIE (TYPE 4)",""
1597,"AMIDON (pour H=70 %)",""
1598,"POURCENTAGE D'INGREDIENTS 3",""
1599,"POURCENTAGE D'INGREDIENTS 4",""
1600,"POURCENTAGE D'INGREDIENTS 5",""
1601,"POURCENTAGE DE PATE",""
1602,"VOLUME PRODUIT SOLIDE",""
1603,"PERTE A LA CUISSON",""
1604,"ALPHA TOCOPHEROL",""
1605,"SUCRES SOLUBLES TOTAUX (HPD réglement.)",""
1606,"INDICE DE LIPOLYSE",""
1607,"DEVELOPPEMENT",""
1608,"P2O5/HPD",""
1609,"P2O5/PROTEINES",""
1610,"NITRATES (3: en NaNO3)",""
1611,"NITRITES (3: NaNO2)",""
1612,"ELEMENTS HORS CALIBRE (2)",""
1613,"HAUTEUR DE CHAMBRE (2)",""
1614,"COULEUR JAUNE D'OEUF 2",""
1615,"UNITE DE HAUGH (2)",""
1616,"DEFAUTS (3)",""
1617,"TRIPOLYPHOSPHATES (Recherche)",""
1618,"HUMIDITE (6)",""
1619,"EXTRAIT SEC TOTAL 6",""
1620,"MATIERES SECHES (6)",""
1621,"MAGNESIE OXYDE (MGO)",""
1622,"GLUCOSE (3)",""
1623,"FRUCTOSE (3)",""
1624,"SACCHAROSE (3)",""
1625,"P.C.L",""
1626,"POLYPHOSPHATES AJOUTES",""
1627,"POIDS DES 20",""
1628,"POIDS DES 10",""
1629,"POIDS DES 5",""
1630,"POIDS DU SANG",""
1631,"VOLUME MESURE",""
1632,"VALEUR CALORIQUE (en Kcal)",""
1633,"VALEUR ENERGETIQUE (en Kcal)",""
1634,"PROPANOL (1)",""
1635,"PROPANOL (2)",""
1636,"ISOBUTANOL (1)",""
1637,"ISOBUTANOL (2)",""
1638,"ISOPENTANOL (1)",""
1639,"ISOPENTANOL (2)",""
1640,"BUTANOL-1 (1)",""
1641,"BUTANOL-1 (2)",""
1642,"BUTANOL 2 (1)",""
1643,"BUTANOL 2 (2)",""
1644,"CHROMATOGRAPHIE DES ALDEHYDES",""
1645,"FURFURAL (1)",""
1646,"FURFURAL (2)",""
1647,"ACETALDEHYDE (1)",""
1648,"ACETALDEHYDE (2)",""
1649,"CHROMATOGRAPHIE DES ESTERS ETHYLIQUES",""
1650,"ACETATE D'ETHYLE (1)",""
1651,"ACETATE D'ETHYLE (2)",""
1652,"PESTICIDES (melon)",""
1653,"pH (3)",""
1654,"DEFAUTS (4)",""
1655,"STABILITE (CONSERVES A BASE DE VIANDE)",""
1656,"PECTINES",""
1657,"HISTOLOGIE FOIE GRAS",""
1658,"MALATHION",""
1659,"THIABENDAZOLE",""
1660,"NOMBRE DE FILETS",""
1661,"TEGUMENTS (Insoluble cellulosique)",""
1662,"CALIBRE TOMATES CONSERVES",""
1663,"GELEE DE GLACAGE (CHARCUTERIE)",""
1664,"INDICE SCOVILE (PIMENT)",""
1665,"CALCIUM (LAIT - PRODUITS LAITIERS)",""
1666,"PEROXYDE D'HYDROGENE (H2O2 - LAIT)",""
1667,"TEST A L'ALCOOL (LAIT)",""
1668,"ALVEOGRAMME CHOPIN (3)",""
1669,"HISTOLOGIE",""
1670,"POLYCHLOROBIPHENYLS (PCB)",""
1671,"PERMETHRINE",""
1672,"TRANSMISSION 420nm (1)",""
1673,"TRANSMISSION 420nm (HUILE)",""
1674,"NITRATES NITRITES/JAMBON D'AOSTE",""
1675,"ACIDE ASCORBIQUE (JAMBON D'AOSTE)",""
1676,"AW 2",""
1677,"TEST A L'EBULLITION",""
1678,"SUCRES SOLUBLES TOTAUX (HPD 77)",""
1679,"PHENOL (DOSAGE)",""
1680,"BROME",""
1681,"EXAMEN ORGANOLEPTIQUE (3)",""
1682,"EXAMEN ORGANOLEPTIQUE (4)",""
1683,"SUCRES SOLUBLES TOTAUX (HPDA réglement.)",""
1684,"MATIERES SECHES NON GRASSES",""
1685,"MATIERE GRASSE (calcul)",""
1686,"MICROBIOLOGIE (TYPE 5)",""
1687,"POLYPHOSPHATES AJOUTES (1)",""
1688,"TAUX DE REHYDRATATION",""
1689,"CARRAGHENANES - Recherche",""
1690,"CASEINATES",""
1691,"CHOLESTEROL",""
1692,"PANURE (1)",""
1693,"PANURE (2: % par unité : inf. à 5 unités)",""
1694,"PANURE (3: % par unité : sup.5 et inf.10)",""
1695,"PANURE (4: % par unité: sup.10)",""
1696,"PROPRETE DU SUCRE - TEST",""
1697,"ESCARGOTS - Identification d'espèce",""
1698,"PROTEINES DE LAIT",""
1699,"ANTISEPTIQUE RECHERCHE",""
1700,"AMIDON (2-AUTRES QUE PATES/TERRINES)",""
1701,"ACIDE SORBIQUE",""
1702,"MOUILLAGE",""
1703,"ACIDITE SULFURIQUE",""
1704,"FARINE ANIMALE (RECHERCHE)",""
1705,"EXAMEN VISUEL",""
1706,"VITAMINE C  / 2",""
1707,"LIPIDES",""
1708,"MATIERES GRASSES",""
1709,"HUILE D'ENROBAGE",""
1710,"IDENTIFICATION VARIETALE/POMME DE TERRE",""
1711,"CENDRES A 900°",""
1712,"AMIDON DE FEVE",""
1713,"DATA ESTER",""
1714,"AMELIORANTS FARINE/Par712+713+5",""
1715,"SUCRES SOLUBLES TOTAUX",""
1716,"PEROXYDASE",""
1717,"POLYPHOSPHATES RECHERCHE",""
1718,"PERCHLORETHYLENE",""
1719,"TRIHEPTANOATE DE GLYCEROL",""
1720,"TAUX DE GRAISSE EXSUDEE",""
1721,"CARACTERISATION DES ACIDES AMINES",""
1722,"RECHERCHE DE VSM",""
1723,"RECHERCHE DE PROTEINES VEGETALES",""
1724,"ENROBAGE / TAUX D'ENROBAGE",""
1725,"NATURE DE L'ENROBAGE PANURE OU BEIGNET",""
1726,"ESPECE VIANDE/RECHERCHE IMMUNOENZ.",""
1727,"LAIT DE CHEVRE/ESTIMATION %: C12/C10",""
1728,"CONFORMITE A L'ETIQUETAGE",""
1729,"SPECIFICATIONS",""
1730,"CARACTERES DE QUALITE",""
1731,"DIPHENYLE",""
1732,"ORTHOPHENYLPHENOL",""
1733,"MULTISTEROIDIENS ET BETAAGONISTES",""
1734,"ANTIBIOTIQUES (3)",""
1735,"SOUFRE RESIDUEL",""
1736,"POURCENTAGE CACAO 2 PAR LA THEOBROMINE",""
1737,"ACIDE SUCCINIQUE",""
1738,"AMIDON rapporté à l'HPDA réglementaire",""
1739,"ACTIVITE PHOSPHATASIQUE",""
1740,"AMIDON rapporté à l'HPD réglementaire",""
1741,"RECHERCHE DE CONSERVATEUR (à préciser)",""
1742,"SOUFRE TOTAL",""
1743,"ACIDE BENZOIQUE",""
1744,"ACIDE ASCORBIQUE (Fluorimétrie)",""
1745,"PHOSPHATES AJOUTES",""
1746,"STABILITE REDUITE",""
1747,"TAUX DE SEDIMENTATION",""
1748,"DOSAGE BHT",""
1749,"DOSAGE DMPS (E900)",""
1750,"POURCENTAGE DES ACIDES GRAS TRANS",""
1751,"CHLORE TOTAL",""
1752,"DOSAGE CHLORE COMBINE",""
1753,"OCHRATOXINE (café)",""
1754,"LIPOIDES(ramené à une semoule à 12% H2O)",""
1755,"QUANTITE D'OEUF (calcul méthode HADORN)",""
1756,"ANTIBIOTIQUES",""
1757,"EXAMEN MICROSCOPIQUE (1)",""
1758,"HYDROCARBURES TOTAUX",""
1759,"LEGIONELLA",""
1760,"PHOSPHATASE (DOSAGE)",""
1761,"PHOSPHORE",""
1762,"RECHERCHE DE RADIONUCLEIDES Cs135+Cs137",""
1763,"RECHERCHE DE RADIONUCLEIDES I 131",""
1764,"TENEUR EN EAU",""
1765,"HYDROCARBURES ALIPHATIQUES",""
1766,"CHLOROTHALONIL",""
1767,"ORGANOCHLORES + ORGANOPHOSPHORES",""
1768,"ORGANOSOUFRES",""
1769,"DIOXINES",""
1770,"Pourcentage de Truffes",""
1771,"ACIDE AMINE (hors TRP)",""
1772,"PCB (3)",""
1773,"COLORANTS SYNTHETIQUES (DOSAGE)",""
1774,"RECHERCHE:AMANDON D'ABRICOTS",""
1775,"FIBRES TOTALES",""
1776,"LIPIDES / PROTEINES (L/P)",""
1777,"ERGOSTEROL (Recherche)",""
1778,"METAMIDOPHOS",""
1779,"ABVT / TMA",""
1780,"DETECTION D'OGM par PCR spécifique",""
1781,"SUCRES / HUMIDITE",""
1782,"PCP",""
1783,"LACTULOSE",""
1784,"ERGOSTEROL(dosage)",""
1785,"AMINES BIOGENES (HPLC)",""
1786,"STIGMASTADIENE",""
1787,"POINT CRYOSCOPIQUE (OPERA)",""
1788,"INDICE D'HYDROCARBURES",""
1789,"FARINOGRAPHE BRABENDER",""
1790,"MATIERES GRASSES OVOPRODUITS",""
1791,"TENEUR EN CACAO (CALCUL)",""
1792,"Formule P(1001)+2*P(1002)",""
1793,"Formule G(32)/10",""
1794,"Formule G(32)/(G(33)+P(1002))*100",""
2000,"- > 12.5 MM",""
2002,"- > 2 MM",""
2003,"- > 5 MM",""
2005,">5 MM",""
2006,"- 1 GRAMME",""
2007,"- 3 GRAMMES",""
2008,"- À 232NM",""
2009,"MANGANÈSE",""
2010,"- N INSOLUBLE À 100°C",""
2011,"- N SOL. 100°C & INSOL. 20°C",""
2012,"- N SOLUBLE À 20°C",""
2013,"- SOL EAU FROIDE:",""
2014,"- SOL. AC. CITRIQUE 2%",""
2015,"- SOL. AC. FORMIQUE 2%",""
2016,"- SOL. CITRATE PETERMAN 20°C",""
2017,"- SOL. CITRATE PETERMAN 65°C",""
2018,"- SOL. EAU & CITR. NEUTRE",""
2020,"- SOL. EAU CHAUDE",""
2021,"- SOLUBLE EAU",""
2022,"- TOTAL",""
2023,"% (4)***",""
2024,"% BASE",""
2025,"% DE BEURRE ESTIMÉ (MG/ES)",""
2026,"% DE BLANC",""
2027,"% DE COTES",""
2028,"% DE FAUSSES COUPES",""
2029,"% DE FEUILLES ABIMÉES",""
2030,"% DE FOURRAGE",""
2031,"% DE FRISÉE",""
2032,"% DE LAITUE",""
2033,"% DE MACHE",""
2034,"% DE NAPPAGE",""
2035,"% DE PASSAGE SUR TAMIS :",""
2036,"% DE SCAROLE",""
2037,"% DE VERT",""
2038,"% DE VERT SOUTENU",""
2039,"% TRÉVISE",""
2042,"0.063MM",""
2043,"0.080MM",""
2044,"0.100MM",""
2045,"0.125MM",""
2046,"0.160MM",""
2047,"0.315MM",""
2048,"0.500MM",""
2049,"0.630MM",""
2050,"0.800MM",""
2051,"1.00MM",""
2052,"1.25MM",""
2053,"1.60MM",""
2054,"12.5 MM",""
2055,"1-MÉTHYL HISTIDINE",""
2056,"2.00MM",""
2057,"2-4 MCPA",""
2058,"2-4-D",""
2059,"25.0 MM",""
2060,"3.00MM",""
2061,"3.15MM",""
2062,"35S PROMOTOR SCREENING",""
2063,"3-MÉTHYL HISTIDINE",""
2064,"4 HYDROXY GLUCOBRASSICINE",""
2065,"4.00MM",""
2066,"40.0 MM",""
2067,"6.30 MM",""
2068,"À PF1",""
2069,"A.O.X",""
2070,"ABSENCE: OEUF/BLANC",""
2071,"ABSENCE: OEUF/DÉFORMÉ",""
2072,"ABSENCE: OEUF/FELÉ",""
2073,"ABSENCE: OEUF/SALE",""
2074,"ABSORBANCE(S) :",""
2075,"ACIDE 12-MÉTHYLTETRADECANOIQUE",""
2076,"ACIDE 13-MÉTHYLTETRADECANOIQUE",""
2077,"ACIDE 14-MÉTHYLHEXADECANOIQUE",""
2078,"TENEUR EN PARTICULES BRULÉES","TPB"
2079,"INDICE DE SOLUBILITÉ","IS"
2080,"ACIDE AMINOBUTYRIQUE",""
2081,"ACIDE ARACHIDIQUE C20:0",""
2082,"ACIDE ARACHIDONIQUE C20:4",""
2083,"ACIDE ASPARTIQUE",""
2084,"ACIDE BÉHÉNIQUE C22:0",""
2085,"ACIDE BORIQUE",""
2086,"ACIDE BUTYRIQUE",""
2088,"ACIDE BUTYRIQUE C4:0",""
2089,"ACIDE CAPRIQUE C10:0",""
2090,"ACIDE CAPROIQUE C6:0",""
2091,"ACIDE CAPROLEIQUE C10:1",""
2092,"ACIDE CAPRYLIQUE C8:0",""
2094,"ACIDE CLUPANODONIQUE C22:5",""
2095,"ACIDE CYANHYDRIQUE",""
2096,"ACIDE D-ISOCITRIQUE",""
2097,"ACIDE D-LACTIQUE",""
2098,"ACIDE D-MALIQUE",""
2099,"ACIDE DOCOSADIENOIQUE C22:2",""
2100,"ACIDE DOCOSAHEXAENOIQUE C22:6",""
2101,"ACIDE DOCOSATETRAENOIQUE C22:4",""
2102,"ACIDE ÉCOSAPENTAENOIQUE C20:5",""
2103,"ACIDE ÉCOSODIÉNOIQUE C20:2",""
2104,"ACIDE ÉRUCIQUE C22:1",""
2105,"ACIDE GADOLÉIQUE C20:1",""
2106,"ACIDE GAMMA LINOLÉNIQUE C18:3",""
2108,"ACIDE GLYCOLIQUE",""
2109,"ACIDE HEPTADÉCÉNOIQUE C17:1",""
2110,"ACIDE ISOASCORBIQUE MG/100G",""
2111,"ACIDE ISOBUTYRIQUE",""
2112,"ACIDE ISOCITRIQUE TOTAL",""
2113,"ACIDE ISOMARGARIQUE C17:0 ISO",""
2114,"ACIDE ISOMYRISTIQUE C14:0 ISO",""
2115,"ACIDE ISOPALMITIQUE C16:0 ISO",""
2116,"ACIDE ISOVALÉRIANIQUE",""
2117,"ACIDE LAURIQUE C12:0",""
2118,"ACIDE LIGNOCÉRIQUE C24:0",""
2119,"ACIDE LINOLÉIQUE C18:2",""
2120,"ACIDE LINOLÉNIQUE C18:3",""
2121,"ACIDE L-LACTIQUE",""
2122,"ACIDE L-MALIQUE",""
2123,"ACIDE L-TARTRIQUE",""
2124,"ACIDE MALÉIQUE",""
2125,"ACIDE MANDÉLIQUE",""
2126,"ACIDE MARGARIQUE C17:0",""
2127,"ACIDE MYRISTIQUE C14:0",""
2128,"ACIDE MYRISTOLÉIQUE C14:1",""
2129,"ACIDE NERVONIQUE C24:1",""
2130,"ACIDE OLÉIQUE C18:1",""
2131,"ACIDE OXALIQUE",""
2132,"ACIDE PALMITIQUE C16:0",""
2133,"ACIDE PALMITOLÉIQUE C16:1",""
2134,"ACIDE P-AMINOBENZOIQUE",""
2135,"ACIDE PARINARIQUE C18:4",""
2136,"ACIDE PENTADÉCANOIQUE C15:0",""
2137,"ACIDE PROPIONIQUE",""
2139,"ACIDE SALICYLIQUE",""
2140,"ACIDE STÉARIQUE C18:0",""
2143,"ACIDE VALÉRIANIQUE",""
2144,"ACIDES AMINÉS LIBRES",""
2145,"ACIDES AMINÉS TOTAUX",""
2146,"ACIDES FULVIQUES",""
2147,"ACIDES GRAS LIBRES",""
2148,"ACIDES GRAS MONOINSATURÉS %",""
2149,"ACIDES GRAS POLYINSATURÉS %",""
2150,"ACIDES GRAS SATURÉS %",""
2151,"ACIDES GYMNÉMIQUES",""
2152,"ACIDES HUMIQUES",""
2153,"ACIDITÉ (%)",""
2154,"ACIDITÉ TITRABLE LAIT FERM (%)",""
2155,"ACTIVITÉ ANTITRYPSIQUE",""
2156,"ACTIVITÉ DIASTASIQUE",""
2157,"ACTIVITÉ URÉASIQUE",""
2158,"ADF",""
2159,"AFLATOXINE B1",""
2160,"AGGLOMÉRATS",""
2161,"AGMATINE",""
2162,"ALANINE",""
2163,"ALCALOIDES DU LUPIN",""
2164,"ALCOOLS TRITERPÉNIQUES",""
2165,"ALDRIN",""
2166,"ALGINATES",""
2167,"ALUMINIUM SOLUBLE",""
2168,"ALVEOGRAMME:",""
2169,"AMIDON (%)",""
2170,"AMIDON (PRODUITS CARNÉS)",""
2171,"AMINOTRIAZOLE",""
2172,"AMITRAZE",""
2173,"AMMONIAQUE",""
2175,"AMPICILLINE",""
2176,"AMPROLIUM",""
2177,"ANALYSE CHIMIQUE",""
2178,"ANALYSE DE LA FARCE",""
2179,"ANALYSE DE TERRES",""
2180,"ANALYSE DES CHAIRS",""
2181,"ANALYSE DES COQUILLES",""
2182,"ANALYSE MICROGRAPHIQUE",""
2183,"ANALYSE PHYSIQUES",""
2184,"ANALYSE POLLINIQUE",""
2185,"ANHYDRIDE PHOSPHORIQUE",""
2187,"ANHYDRIDE PHOSPHORIQUE",""
2188,"ANHYDRIDE PHOSPHORIQUE :",""
2189,"ANHYDRIDE SULFURIQUE",""
2190,"ANHYDRIDE SULFURIQUE SOL.EAU",""
2191,"ANHYDRIDE SULFURIQUE TOTAL",""
2192,"ANTHOCYANES",""
2193,"ANTIMOINE",""
2194,"APEX NON COUPÉS",""
2195,"APPRÉCIATION ORGANOLEPTIQUE",""
2196,"APRÉCIATION ORGANOLEPTIQUE***",""
2197,"ARBUTINE HYDROLYSÉE",""
2198,"ARETES < 10 MM",""
2199,"ARETES < 4 MM",""
2200,"ARETES > 10 MM",""
2201,"ARETES > 4 MM",""
2202,"ARGENT",""
2203,"ARGILE G/KG",""
2204,"ARGININE",""
2205,"ARPRINOCIDE",""
2208,"ARSENIC INORGANIQUE",""
2210,"ASHES",""
2211,"ASPECT",""
2214,"ASPECT DES COQUILLES",""
2215,"ASPECT DU PRODUIT",""
2216,"ASTAXANTHINE",""
2217,"AUTRES",""
2218,"AVILAMYCINE",""
2219,"AVOINE",""
2220,"AVOPARCINE",""
2221,"AZINPHOS ETHYL",""
2222,"AZINPHOS MÉTHYL",""
2223,"AZOTE AMINÉE (PTA) (G/KG)",""
2224,"AZOTE AMMONIACAL",""
2227,"AZOTE CYANAMIDIQUE",""
2228,"AZOTE DE SYNTHÈSE ORGANIQUE:",""
2229,"AZOTE DU DICYANDIAMIDE",""
2231,"AZOTE NITRIQUE",""
2234,"AZOTE NON CASÉIQUE",""
2235,"AZOTE NON PROT KJELD NPN G/KG",""
2236,"AZOTE NON PROTÉIQUE",""
2237,"AZOTE NON PROTÉIQUE",""
2238,"AZOTE ORGANIQUE",""
2239,"AZOTE PROTÉIQUE NON DÉNATURÉ",""
2240,"AZOTE SOLUBLE À 20°C",""
2241,"AZOTE SOLUBLE NS OU NCN (G/KG)",""
2242,"AZOTE TOTAL (%)",""
2243,"AZOTE TOTAL (DUMAS)",""
2244,"AZOTE TOTAL KJELDAHL (NT) G/KG",""
2245,"AZOTE UREIQUE (COLORIMÉTRIE)",""
2247,"AZOTE UREIQUE (URÉASE)",""
2248,"BACITRACINE ZINC",""
2249,"BARYUM",""
2250,"BENFLURALINE",""
2251,"BÉNOMYL",""
2252,"BENTAZONE",""
2253,"BENZIMIDAZOLE",""
2254,"BETAINE",""
2255,"BETA-SITOSTEROL",""
2256,"BHA",""
2257,"BHA/BHT :",""
2258,"BHT",""
2259,"BIFENTHRINE",""
2260,"BISMUTH",""
2261,"BIURET",""
2262,"BLÉ",""
2263,"BLÉ ET SON DE BLÉ",""
2264,"BORE",""
2265,"BORE SOLUBLE EAU",""
2266,"BORE TOTAL",""
2267,"BRISURES",""
2268,"BROMOPHOS ETHYL",""
2269,"BROMOPHOS MÉTHYL",""
2270,"BT11 MAIZE SPECIFIC PCR.",""
2271,"BT176 MAIZE SPECIFIC PCR.",""
2272,"BUTYL PARABEN",""
2273,"CACAO SEC DÉGRAISSÉ DU",""
2275,"CADMIUM",""
2277,"CALCAIRE TOTAL G/KG",""
2278,"CAMPESTEROL",""
2279,"CANTHAXANTHINE",""
2280,"CAPACITÉ DE RÉTENTION EN EAU:",""
2281,"CAPACITÉ D'ÉCHANGE MEQ/KG",""
2282,"CAPTANE",""
2283,"CARBADOX",""
2284,"CARBENDAZIME",""
2288,"CARBONE",""
2289,"CARBOPHÉNOTHION",""
2290,"CAROTENOIDES TOTAUX",""
2291,"CAROTTES %",""
2292,"CASÉINE",""
2293,"CASÉINES (G/KG)",""
2294,"CASSÉ,FÊLÉ",""
2295,"CELLULOSE (%)***",""
2296,"CELLULOSE VRAIE",""
2297,"CENDRES BRUTES %",""
2298,"CHAIRS EN EXTENSION",""
2299,"CHAUX LIBRE",""
2300,"CHLORAMPHÉNICOL",""
2301,"CHLORBENZIDE",""
2302,"CHLORDANE",""
2303,"CHLORE",""
2304,"CHLORFENSULPHIDE",""
2305,"CHLORPYRIPHOS ETHYL",""
2307,"CHLORPYRIPHOS MÉTHYL",""
2308,"CHLORURES (CL)",""
2309,"CHLORURES (G NACL/100G)",""
2310,"CHLORURES (MG/KG)***",""
2312,"CHROME",""
2314,"CITRULLINE",""
2315,"CLEROSTEROL",""
2316,"COBALT",""
2317,"COBALT SOLUBLE EAU",""
2318,"COBALT TOTAL",""
2319,"COEURS NON DÉFAITS",""
2320,"COLISTINE",""
2321,"COLLAGENE (%)",""
2322,"COMPOSÉS MINÉRAUX (CMV)",""
2323,"CONCENTRÉ DE LUZERNE",""
2324,"CONCENTRÉ DE POISSON",""
2325,"CONDUCTIBILITÉ",""
2326,"CORN GLUTEN FEED",""
2327,"COT",""
2328,"COULEUR",""
2329,"COULEUR (ÉCHELLE DE ROCHE)",""
2330,"COULEUR NOIR + GRIS",""
2331,"COULEUR ORANGE",""
2332,"COULEUR ROUGE",""
2334,"CRÈME :",""
2335,"CREVASSE",""
2336,"CRITERES EXTERNES SUR 12 OEUFS",""
2337,"CUIVRE SOLUBLE EAU",""
2338,"CUIVRE TOTAL",""
2339,"CUMUL DÉFAUTS",""
2340,"CYSTÉINE",""
2341,"CYSTINE",""
2342,"CYSTINE TOTALE",""
2343,"D.D.D. (T.D.E.)",""
2344,"D.D.E.",""
2345,"D.D.T.",""
2346,"DÉCOLORATION LÉGÈRE",""
2347,"DÉCOQUINATE",""
2348,"DÉFAUTS MAJ. IMPORTANTS > 10MM",""
2349,"DÉFAUTS MAJ. IMPORTANTS > 12MM",""
2350,"DÉFAUTS MAJEURS",""
2351,"DÉFAUTS MAJEURS : 5 - 10MM",""
2352,"DÉFAUTS MAJEURS : 6 - 12MM",""
2353,"DÉFAUTS MINEUR : 3 - 6 MM",""
2354,"DÉFAUTS MINEURS",""
2355,"DÉFAUTS MINEURS < 5MM",""
2356,"DÉFORMÉS,CLAIRS",""
2357,"DELTA 5-23 STIGMASTADIENOL",""
2358,"DELTA 5-24 STIGMASTADIENOL",""
2359,"DELTA 5-AVENASTEROL",""
2360,"DELTAMÉTHRINE",""
2361,"DENSITÉ (G/ML)",""
2363,"DESHYDRATATION",""
2364,"DÉTERGENTS ANIONIQUES",""
2365,"DEXTROSE",""
2366,"DIACÉTOXYSCIRPÉNOL",""
2367,"DIAMÈTRE INDIVIDUEL (MM)",""
2379,"DIAZINON",""
2380,"DICAMBA",""
2381,"DICÉTOPIPÉRAZINE",""
2382,"DICHLOFLUANIDE",""
2383,"DICHLOROMÉTHANE",""
2384,"DICHLORVOS",""
2385,"DICLAZURIL",""
2386,"DICOFOL",""
2387,"DIELDRIN",""
2388,"DIGESTIBILITÉ PEPSIQUE DES",""
2389,"DIGLYCÉRIDES",""
2390,"DIMENSIONS DE L'EMBALLAGE :",""
2391,"DIMENSIONS DES COMPOSANTS :",""
2392,"DIMÉTHOATE",""
2393,"DIMÉTRIDAZOLE",""
2394,"DISULFOTON",""
2396,"DONT ÉLÉMENTS PIQUANTS:",""
2397,"DONT MÉTAUX:",""
2398,"DOXYCYCLINE",""
2399,"E.D. PORC KCAL /KG",""
2400,"EDTA",""
2402,"EFFLUENT TYPE",""
2403,"ENDOSULFAN",""
2404,"ENDRIN",""
2405,"ENERGIE MÉTABOLISABLE",""
2406,"ENERGIE MÉTABOLISABLE PORC",""
2407,"ENERGIE MÉTABOLISABLE VOLAILLE",""
2408,"EPAISSEUR (MM)",""
2409,"ÉPAISSEUR DES TRANCHES",""
2410,"ETAIN",""
2411,"ETANCHÉITÉ DE L'EMBALLAGE",""
2412,"ETAT DES MANTEAUX",""
2413,"ETAT PHYSIQUE",""
2414,"ETÉPHON",""
2415,"ETHANOL",""
2416,"ETHION",""
2417,"ETHOPABATE",""
2418,"ETHOXYQUINE",""
2419,"ETHOXYQUINE/BHA/BHT :",""
2420,"ETHYL PARABEN",""
2421,"ETIQUETAGE",""
2422,"ETRIMPHOS",""
2423,"ETUDE DE LA COMPOSITION :",""
2424,"EXAMEN MACROSCOPIQUE COQUILLE",""
2425,"EXAMEN POLLINIQUE",""
2426,"EXTRACTIF NON AZOTÉ (ENA) %",""
2427,"EXTRAIT SEC / POIDS DU FROMAGE",""
2428,"EXTRAIT SOLUBLE DANS L'EAU",""
2429,"FACILITÉ D'OUVERTURE",""
2430,"FARINE DE POISSON",""
2431,"FARINE DE VIANDE",""
2432,"FARINE GERME DE MAIS",""
2433,"FAT",""
2434,"FAUSSES COUPES",""
2438,"FAUSSES COUPES %/NB - %/KG",""
2439,"FENBENDAZOLE",""
2440,"FENCHLORFOS",""
2441,"FÉNITROTHION",""
2442,"FENTHION",""
2443,"FER (MG/100G)***",""
2444,"FER SOLUBLE EAU",""
2445,"FER TOTAL",""
2446,"FER TOTAL (EXP. EN FE203)",""
2447,"FEUILLES POURRIES",""
2448,"FÉVEROLE",""
2449,"FIBRES INSOLUBLES %",""
2450,"FIBRES SOLUBLES %",""
2451,"FIBRES TOTALES %",""
2452,"FILETS DETERIORES",""
2453,"FILMS PLASTIQUES & POLYSTYRÈNE",""
2454,"FINES (< 2 MM)",""
2455,"FINESSE DES PHOSPHATES",""
2456,"FINESSE UM",""
2457,"FLAVOMYCINE",""
2458,"FLAVONOIDES TOTAUX %",""
2459,"FLUBENDAZOLE",""
2460,"FLUOR",""
2461,"FLUORURES",""
2462,"FLUVALINATE",""
2463,"FOLPEL",""
2464,"FONOFOS",""
2465,"FORFAIT ALCALOIDE",""
2466,"FORMOL",""
2467,"FOURRAGE %***",""
2468,"FRITES <2.5CM %/NB - %/KG",""
2469,"FRITES >2.5CM NB/KG - %/KG",""
2470,"FRITES >5CM %/NB - %/KG",""
2471,"FRITES >7.5CM %/NB - %/KG",""
2472,"FRITES ET FAUSSES COUPES",""
2473,"FRITES OU MORCEAUX CARBONISÉS",""
2474,"FRUCTO OLIGOSACCHARIDES %",""
2475,"FURALTADONE",""
2476,"FURAZOLIDONE",""
2478,"GALLATE DE LAURYLE",""
2479,"GALLATE DE PROPYLE",""
2480,"GALLATE D'OCTYLE",""
2481,"GÉLATINISATION DE L'AMIDON",""
2482,"GERMANIUM",""
2483,"GINSÉNOSIDES (RG1)",""
2484,"GLUCIDES ASSIMILABLES %",""
2485,"GLUCIDES TOTAUX %",""
2486,"GLUCOBRASSICANAPINE",""
2487,"GLUCOBRASSICINE",""
2488,"GLUCONAPINE",""
2489,"GLUCONAPOLEIFERINE",""
2490,"GLUCOSE (%)***",""
2491,"GLUCOSINOLATES",""
2492,"GLUTEN DE MAIS",""
2493,"GLYCÉROL",""
2495,"GLYCINE",""
2496,"GLYPHOSATE",""
2497,"GOSSYPOL LIBRE",""
2498,"GOUT",""
2499,"GRAINES D'ARACHIDE",""
2500,"GRAINES DE COLZA",""
2501,"GRAINES DE SOJA",""
2502,"GRAINES DE TOURNESOL",""
2503,"GRANULOMETRIE",""
2504,"GRANULOMÉTRIE (VOIE SÈCHE)",""
2505,"GRANULOMÉTRIE :",""
2506,"GRANULOMÉTRIE <200µ %",""
2507,"GRANULOMÉTRIE >1000µ %",""
2508,"GRANULOMÉTRIE >800Á %",""
2509,"GRANULOMÉTRIE 200-400µ %",""
2510,"GRANULOMÉTRIE 400-600µ %",""
2511,"GRANULOMÉTRIE 400-800µ %",""
2512,"GRANULOMÉTRIE 600-800Á %",""
2513,"H.C.B.",""
2514,"H.C.H.",""
2515,"HALOFUGINONE",""
2516,"HAUTEUR (MM)",""
2519,"HEMICELLULOSE",""
2520,"HEPTACHLORE",""
2521,"HEPTACHLORE EPOXY",""
2522,"HEPTENOPHOS",""
2523,"HESPÉRIDINE",""
2524,"HISTAMINE",""
2525,"HISTIDINE",""
2527,"HMF",""
2528,"HOMOGÉNÉITÉ",""
2529,"HUILES ESSENTIELLES",""
2535,"HUMIDITÉ DE L'ENSEMBLE (%)",""
2536,"HUMIDITÉ FROM. DÉGRAISSÉ HFD %",""
2537,"HUMUS TOTAL",""
2538,"HYDROCARBURES µG/L",""
2539,"HYDROGÈNE SULFURÉ",""
2540,"HYDROQUINONE",""
2541,"IDENTIF. DES COQUILLES",""
2542,"IDENTIFICATION DES CHAIRS",""
2543,"IDENTIFICATION DES PARTICULES",""
2544,"IMIDAZOLIDINYL URÉE",""
2545,"IMPURETÉS INSOLUBLES %",""
2546,"INCLUSIONS",""
2547,"INDICE CHIMIQUE",""
2548,"INDICE D'ACIDE",""
2549,"INDICE DE MATURATION",""
2550,"INDICE TOTAL DE SULFURES",""
2551,"INERTES TOTAUX",""
2552,"INOSITOL",""
2553,"IODE",""
2555,"IODE TOTAL",""
2556,"IPRODIONE",""
2557,"ISOLAT DE SOJA",""
2558,"ISOLEUCINE",""
2559,"ISSUES DE BLÉ",""
2560,"JAUNE D'OEUF",""
2561,"KATON CG",""
2562,"L",""
2563,"LACTITOL %",""
2564,"LACTOPROTEÏNE",""
2565,"LACTOSÉRUM",""
2566,"LAIT",""
2567,"LARDONS EFFILOCHES < 2CM %",""
2568,"LARDONS NORMAUX 35 MM +/- 15 %",""
2569,"LARDONS TROP GRAS (> 50%)",""
2570,"LARDONS TROP GROS > 50 MM %",""
2571,"LARGEUR (MM)",""
2573,"LARGEUR (MM)",""
2574,"LASALOCIDE",""
2575,"LAVAGE",""
2576,"L-CARNITINE",""
2577,"LECITHINE %",""
2578,"LEUCINE",""
2580,"LIGNINE INSOLUBLE DANS",""
2581,"LIMONS FINS G/KG",""
2582,"LIMONS GROSSIERS G/KG",""
2583,"LINDANE",""
2584,"LIPASE / 24 H",""
2585,"LIPASE / 48H",""
2586,"LITHIUM",""
2587,"LONGUEUR",""
2588,"LONGUEUR (MM)",""
2591,"LONGUEURS < 2,5CM",""
2593,"LONGUEURS < 2,5CM",""
2595,"LONGUEURS > 5CM",""
2597,"LONGUEURS > 7,5CM",""
2599,"LONGUEURS > 7,5CM",""
2601,"LONGUEURS ENTRE 2,5 ET 5CM",""
2603,"LONGUEURS ENTRE 5 ET 7,5CM",""
2605,"LUTÉINE",""
2606,"LUZERNE",""
2607,"LYSINE",""
2608,"LYSINE DISPONIBLE",""
2609,"LYSINE TOTALE",""
2610,"MAD G/KG",""
2611,"MADURAMYCINE",""
2612,"MAIS",""
2613,"MAL FORMATION",""
2615,"MALTITOL %",""
2616,"MALTODEXTRINES %",""
2617,"MALTOTRIOSE %",""
2618,"MANGANÈSE SOLUBLE EAU",""
2619,"MANGANÈSE TOTAL",""
2620,"MANNITOL %",""
2621,"MARQUAGE OEUF",""
2622,"MARQUAGE UVC",""
2623,"MASSE VOLUMIQUE",""
2624,"MASSE VOLUMIQUE G/L",""
2626,"MAT GRASSE ROSE GOTTLIEB G/KG",""
2630,"MAT SÈCHE LAIT FERM,GÉLI G/KG",""
2631,"MAT. EXT. AU CHCL3",""
2632,"MAT. ORGA. / N ORGA.",""
2633,"MAT. ORGANIQUES (CALCINATION)",""
2634,"MATIÈRE GRASSE (%)",""
2635,"MATIÈRE GRASSE (%) AM DU 08/09/77",""
2636,"MATIÈRE GRASSE BUTY GERBER G/L",""
2637,"MATIÈRE GRASSE DE L'ENSEMBLE",""
2638,"MATIÈRE PROTÉIQUE (G/KG)",""
2639,"MATIÈRE PROTÉIQUE (G/L)",""
2642,"MATIÈRES GRASSES (DIRECT) %",""
2643,"MATIÈRES ORGANIQUES G/KG",""
2644,"MATIÈRES PLASTIQUES LOURDES:",""
2645,"MATIÈRES SÈCHES",""
2646,"MCPP",""
2647,"MEAT CONTENT %",""
2648,"MÉLANGE :",""
2649,"MÉLASSE",""
2650,"MÉLASSE DE BETTERAVE",""
2651,"MÉLASSE DE CANNE",""
2653,"MERCURE AOAC 1990 977/15",""
2655,"MÉTAUX LOURDS (EN PB)",""
2657,"MÉTHIDATHION",""
2658,"MÉTHIONINE",""
2659,"METHIONINE HYDROXY ANALOGUE",""
2660,"METHIONINE TOTALE",""
2661,"MÉTHOMYL",""
2662,"MÉTHOXYCHLORE",""
2663,"MÉTHYL PARABEN",""
2664,"MÉTHYL TRITHION",""
2665,"MÉTHYLBENZOQUATE",""
2666,"MÉTICLORPINDOL",""
2667,"MEURTRISSURE",""
2668,"MÉVINPHOS",""
2669,"MG BUTY CRÈME ROEDER (G/KG)",""
2670,"MG BUTY GERBER (G/KG)",""
2671,"MG EXTRACTION ETHER-HCL (G/KG)",""
2672,"MG EXTRACTION ÉTHER-HCL G/100G",""
2673,"MG EXTRACTION ÉTHER-HCL G/KG",""
2674,"MG FROM BUTY VAN GULICK G/100G",""
2675,"MG FROMAGE BUTY HEISS (G/100G)",""
2676,"MICROGRAPHIE : NON ACCRÉDITÉE",""
2677,"MOISTURE",""
2678,"MOLYBDÈNE",""
2679,"MOLYBDÈNE SOLUBLE EAU",""
2680,"MOLYBDÈNE TOTAL",""
2681,"MONENSIN",""
2682,"MONOCROTOPHOS",""
2683,"MONOÉTHYLÈNEGLYCOL",""
2685,"MORCEAUX DE FOIE GRAS %",""
2686,"MORPHINE",""
2687,"MYCOTOXINES",""
2688,"N NITRIQUE+N AMMO.(DEVARDA)",""
2689,"N°1",""
2690,"N°10",""
2691,"N°2",""
2692,"N°3",""
2693,"N°4",""
2694,"N°5",""
2695,"N°6",""
2696,"N°7",""
2697,"N°8",""
2698,"N°9",""
2699,"NACL G/L***",""
2700,"NAPHTALINE",""
2701,"NARASIN",""
2702,"NATAMYCINE",""
2703,"NB DE COQUILLES HORS NORMES",""
2704,"NBRE DE CHAIRS HORS NORMES",""
2705,"NDF",""
2706,"NICARBAZINE",""
2707,"NICKEL",""
2709,"NIFURSOL",""
2710,"NITRATE DE POTASSIUM (MG/KG)**",""
2711,"NITRATE DE SODIUM MG/KG",""
2712,"NITRATES (MG NO3 / KG)",""
2713,"NITRATES (MG/KG)***",""
2714,"NITRATES (MG/L)***",""
2715,"NITRITE DE SODIUM (MG/KG)",""
2716,"NITRITES (MG NO2 / KG)",""
2717,"NITRITES (MG/KG)***",""
2718,"NITRITES (MG/L)***",""
2719,"NITROFURAZONE",""
2720,"NITROSAMINES:",""
2721,"N-NITROSODIBUTYLAMINE",""
2722,"N-NITROSODIÉTHYLAMINE",""
2723,"N-NITROSODIMÉTHYLAMINE",""
2724,"N-NITROSODIPROPYLAMINE",""
2725,"N-NITROSOMORPHOLINE",""
2726,"N-NITROSOPIPÉRIDINE",""
2727,"N-NITROSOPYRROLIDINE",""
2728,"NOMBRE DE FRITTES PAR KG",""
2729,"NOMBRE D'ESCARGOTS",""
2730,"NOMBRE D'UNITÉS OU TRANCHES",""
2731,"OCTADÉCYLAMINE",""
2732,"ODEUR",""
2734,"ODEUR A L'OUVERTURE",""
2735,"OEUF 1",""
2738,"OEUF 10",""
2741,"OEUF 11",""
2744,"OEUF 12",""
2747,"OEUF 2",""
2750,"OEUF 3",""
2753,"OEUF 4",""
2756,"OEUF 5",""
2759,"OEUF 6",""
2762,"OEUF 7",""
2765,"OEUF 8",""
2768,"OEUF 9",""
2771,"OEUFS",""
2772,"OLAQUINDOX",""
2773,"OMÉGA 3 / OMÉGA 6",""
2774,"OR",""
2775,"ORGANO-HALOGÉNÉS VOLATILS",""
2776,"ORGE",""
2777,"ORNITHINE",""
2778,"ORTHOPHOSPHATES",""
2779,"OXYDE DE CALCIUM",""
2780,"OXYDE DE CALCIUM G/KG",""
2781,"OXYDE DE CALCIUM SOL. EAU",""
2782,"OXYDE DE CALCIUM TOTAL",""
2783,"OXYDE DE MAGNÉSIUM G/KG",""
2784,"OXYDE DE MAGNÉSIUM :",""
2785,"OXYDE DE POTASSIUM",""
2786,"OXYDE DE POTASSIUM G/KG",""
2787,"OXYDE DE POTASSIUM SOL. EAU",""
2788,"OXYDE DE POTASSIUM TOTAL",""
2789,"OXYDE DE SODIUM G/KG",""
2790,"OXYDE DE SODIUM SOL. EAU",""
2791,"OXYDE DE SODIUM TOTAL",""
2792,"OXYFRIT TEST",""
2793,"OXYGÈNE DISSOUS",""
2794,"OXYTÉTRACYCLINE",""
2795,"P",""
2796,"P/L",""
2797,"P2 O5 (G/100G)",""
2798,"PALATINOSE",""
2800,"PARATHION ETHYL",""
2801,"PARATHION METHYL",""
2802,"PATES CASSÉES %",""
2803,"PATES GERCÉES %",""
2804,"PATES MALFORMÉES %",""
2805,"PCR SCREENING 35S",""
2806,"PCR SCREENING TNOS",""
2807,"PCR SPÉCIFIQUE MAÏS BT-11",""
2808,"PCR SPÉCIFIQUE MAÏS BT-176",""
2809,"PCR SPÉCIFIQUE SOJA RRS TM",""
2810,"PCR TÉMOIN ESPÈCE",""
2811,"PDIA",""
2812,"PDIE",""
2813,"PDIN",""
2814,"PEAU %",""
2815,"PERTE AU FEU",""
2816,"PESTICIDES",""
2817,"PH",""
2818,"PH EAU",""
2819,"PH KCL",""
2820,"PHÉNOXYÉTHANOL",""
2821,"PHÉNYLALANINE",""
2822,"PHÉNYLÉTHYLAMINE",""
2823,"PHORATE",""
2824,"PHOSALONE",""
2825,"PHOSPHATASE ALC. (µG PHÉNOL/G)",""
2827,"PHOSPHATE DE TYLOSINE",""
2828,"PHOSPHATES",""
2830,"PHOSPHORE SOLUBLE CITRIQUE",""
2831,"PHOSPHORE TOTAL",""
2832,"PIMARICINE MG/100G",""
2833,"PIQURES BLANCHES NB/DM2",""
2834,"PIQURES NOIRES NB/DM2",""
2835,"PLOMB",""
2836,"POIDS BRUT G",""
2837,"POIDS DE CHAIR (G)",""
2838,"POIDS DE FARCE (G)",""
2839,"POIDS DE MATIÈRE SÉCHE",""
2840,"POIDS DU SACHET (G)",""
2841,"POIDS INDIVIDUEL (G)",""
2853,"POIDS MOYEN (G)",""
2854,"POIDS NET (G)",""
2855,"POIDS NET CONGELE (G)",""
2856,"POIDS NET CONSOMMABLE (G)",""
2857,"POIDS NET CONSOMMABLE /100 (G)",""
2858,"POIDS NET DE CHAIR SUR 100 (G)",""
2859,"POIDS NET DECONGELE G",""
2860,"POIDS NET EGOUTTE MOYEN SUR",""
2861,"POIDS NET EGOUTTE/POIDS NET",""
2862,"POIDS NET UNITAIRE G",""
2863,"POINT ÉCLAIR (VASE CLOS) °C",""
2864,"POINTS NOIRS",""
2865,"POINTS NOIRS <5MM NB/KG",""
2866,"POINTS NOIRS >10MM NB/KG",""
2867,"POINTS NOIRS 5-10MM NB/KG",""
2868,"POIS",""
2869,"POTASSIUM SPECTROPHOTOMÉTRIE",""
2870,"POTASSIUM (MG/100G)***",""
2871,"POURCENTAGE DE TRIPES",""
2872,"POUVOIR ABSORBANT",""
2873,"POUVOIR AMER",""
2874,"POUVOIR ANTIBIOTIQUE",""
2875,"POUVOIR COLORANT",""
2876,"POUVOIR INHIBITEUR",""
2877,"POUVOIR ROTATOIRE SPÉCIFIQUE",""
2878,"PRÉSENCE DE DÉFAUTS (CROUTAGE,",""
2879,"PRESENCE DE PEAU/ARETES",""
2880,"PRESSION OSMOTIQUE MOSMOL/L",""
2881,"PRODUIT :",""
2882,"PROGOITRINE",""
2883,"PROLINE",""
2884,"PROPYL PARABEN",""
2885,"PROPYLÈNE GLYCOL",""
2886,"PROTEIN",""
2887,"PROTÉINE",""
2888,"PROTÉINES %",""
2889,"PROTÉINES (NT X 6.25)",""
2890,"PROTÉINES (NT X 6.38) G/100G",""
2891,"PROTEINES BRUTES %",""
2892,"PROTEINES SOLUBLES DANS L'EAU",""
2893,"PROTEINES SOLUBLES SALIVE",""
2894,"PROTIDES TOTAUX",""
2895,"PROTIDES TOTAUX (N X 5.70)%MS",""
2896,"PULPE DE BETTERAVE",""
2897,"PUTRÉSCINE",""
2898,"PYRÈTHRES NATURELS",""
2899,"PYRIDINE",""
2900,"PYRIMIPHOS ETHYL",""
2901,"PYRIMIPHOS MÉTHYL",""
2902,"PYROPHOSPHATES",""
2903,"QUINTOZÈNE",""
2904,"RAFFINOSE",""
2905,"RAPPORT C/N",""
2906,"RAPPORT H SUR L DES TRANCHES",""
2907,"RECHERCHE DE GELÉE ROYALE",""
2908,"RECHERCHE DE LAIT DE VACHE",""
2909,"RECHERCHE D'HYDROCOLLOÏDES",""
2910,"RÉSIDU SEC À 100°C",""
2911,"RÉSULTATS EXPRIMÉS",""
2912,"RHAMNOSE",""
2913,"ROBÉNIDINE",""
2914,"RODINAZOLE",""
2915,"ROTÉNONE",""
2916,"ROUND UP READY SOYA SPECIFIC",""
2917,"SABLES FINS G/KG",""
2918,"SABLES GROSSIERS G/KG",""
2919,"SACCHAROSE (%)***",""
2920,"SACHET :",""
2921,"SALES / TACHÉS",""
2922,"SALINITÉ",""
2923,"SALINOMYCINE",""
2924,"SALISSURE",""
2925,"SAVEUR",""
2926,"SEIGLE",""
2927,"SELENIUM",""
2930,"SÉRINE",""
2932,"SILICIUM",""
2935,"SITOSTANOL",""
2936,"SODIUM (%)***",""
2937,"-SOL CITRATE JOULIE",""
2938,"SOLUBILITÉ CARBONIQUE",""
2939,"SOLUBILITÉ CITRIQUE DU P",""
2940,"SOLUBLE DE MAIS",""
2941,"SOLVANTS ORGANIQUES",""
2942,"SON DE BLÉ",""
2943,"SON DE MAIS",""
2944,"SORBATE DE POTASSIUM",""
2945,"SORBITOL %",""
2946,"SORGHO",""
2947,"SOUDURE",""
2948,"SPECIES CONTROL PCR",""
2949,"SPECTRE DES ACIDES GRAS %AGT",""
2950,"SPECTRE DES ACIDES ORGANIQUES",""
2951,"SPECTRE DES ÉDULCORANTS",""
2952,"SPECTRE DES GALLATES :",""
2953,"SPECTRE DES PARABENS",""
2954,"SPECTRE DES POLYOLS",""
2955,"SPECTRE INFRA-ROUGE",""
2956,"STACHYOSE",""
2957,"STÉRIGMATOCYSTINE",""
2958,"STÉROLS TOTAUX",""
2959,"STIGMASTEROL",""
2960,"SUCRE TOTAL (%)***",""
2961,"SUCRES INVERTIS (%)",""
2962,"SUCRES SOLUBLES TOTAUX %",""
2963,"SUCRES SOLUBLES TOTAUX (%)",""
2964,"SULFADIAZINE",""
2965,"SULFADIMÉRAZINE",""
2966,"SULFADIMÉTHOXINE",""
2967,"SULFAQUINOXALINE",""
2968,"SULFITES (SO2) MG/KG***",""
2969,"T3",""
2970,"T4",""
2971,"TACHE FONCÉE OU DÉCOLORATION",""
2972,"TACHES OU LESIONS < 5 MM",""
2973,"TACHES OU LESIONS > 5 MM",""
2974,"TANINS",""
2975,"TAURINE",""
2976,"TAUX DE CHÉLATATION :",""
2977,"TAUX DE FINES",""
2978,"TAUX DE GLAZURAGE***",""
2979,"TAUX DE MATIÈRES GRASSES %",""
2980,"TAUX D'HUMIDITÉ (%)",""
2981,"TAUX PROTÉIQUE CRÈME (G/L)",""
2982,"TAUX PROTÉIQUE NOIR AMIDO G/L",""
2983,"TAUX PROTÉIQUE RÉT, LAIT G/KG",""
2984,"TECNAZÈNE",""
2985,"TENEUR EN CALCIUM (MG/100G)",""
2986,"TENEUR EN D LACTATE (MG/100G)",""
2987,"TENEUR EN EAU (PPM)***",""
2988,"TENEUR EN FER",""
2989,"TENEUR EN IMPURETES",""
2990,"TENEUR EN LACTATES (MG/100G)",""
2991,"TENEUR EN MAGNESIUM (MG/100G)",""
2992,"TENEUR EN PHOSPHORE",""
2993,"TENEUR EN POTASSIUM (MG/100G)",""
2994,"TENEUR EN SODIUM (MG/100G)",""
2995,"TENEURS EN CENDRES %MS",""
2996,"TERBUPHOS",""
2997,"TEST APTITUDE A LA TENUE",""
2998,"TEST AU RANCIMAT",""
2999,"TEST ECLABOUSSURE",""
3000,"TEST HUILE DE FRITURE",""
3001,"TÉTRACHLORVINPHOS",""
3002,"TÉTRADIFON",""
3003,"TÉTRAMISOLE",""
3004,"TEXTURE",""
3006,"THÉOPHYLLINE",""
3007,"THIOPHANATE MÉTHYL",""
3008,"THRÉONINE",""
3009,"TITANE",""
3010,"TNOS TERMINATOR SCREENING",""
3011,"TOTAL DU NOMBRE D'ARETES",""
3012,"-TOTALES",""
3013,"-TOTAUX",""
3016,"TOURTEAU DE TOURNESOL",""
3017,"TOURTEAUX D'ARACHIDE",""
3018,"TOURTEAUX DE COLZA",""
3019,"TOURTEAUX DE GERME DE MAIS",""
3020,"TOURTEAUX DE LIN",""
3021,"TOURTEAUX DE MAIS",""
3022,"TOURTEAUX DE SOJA",""
3023,"TOXAPHÈNE",""
3024,"TOXICITÉ (EQT/M3)",""
3025,"TOXINE T2",""
3026,"TRACES MOISISSURE/FERMENTATION",""
3027,"TRIAZOPHOS",""
3029,"TRIMÉTOPRIM",""
3030,"TROGNONS",""
3031,"TRYPTAMINE",""
3033,"TYLOSINE",""
3034,"TYRAMINE",""
3035,"TYROSINE",""
3036,"UFC",""
3037,"UFL",""
3038,"UFV",""
3040,"URÉE FORMALDÉHYDE",""
3041,"VALEUR CALORIQUE KCAL %",""
3042,"VALEUR CALORIQUE KJOULE",""
3043,"VALEUR NEUTRALISANTE",""
3044,"VALEUR NEUTRALISANTE CORRIGÉE",""
3045,"VALINE",""
3046,"VANADIUM",""
3047,"VANILLINE",""
3048,"VERRES-CAILLOUX-CALCAIRE-OS-",""
3049,"VIANDE %",""
3050,"VIRGINIAMYCINE",""
3051,"VISCOSITE (PO)",""
3052,"VISUEL PRODUIT :",""
3053,"VITAMINE A",""
3054,"VITAMINE A PALMITATE",""
3055,"VITAMINE B1",""
3056,"VITAMINE B12",""
3057,"VITAMINE B2",""
3058,"VITAMINE B5",""
3059,"VITAMINE B9",""
3060,"VITAMINE E",""
3061,"VITAMINE F (MG/100G)***",""
3062,"VITAMINE K1",""
3063,"VITAMINE K3",""
3064,"VITAMINE P (RUTINE)",""
3065,"W",""
3066,"XANTOPHYLLES TOTAUX",""
3067,"XYLITOL %",""
3068,"XYLOSE",""
3069,"ZINC SOLUBLE EAU",""
3070,"ZINC TOTAL",""
3071,"ZINÈBE",""
3072,"- TOTAAL",""
3073,"DIAZINES ET TRIAZINES",""
3074,"FUMONISINE",""
3075,"PROPAMOCARBE",""
3076,"MYCLOBUTANIL",""
3077,"DINOCAP",""
3078,"CARBENDAZINE",""
3079,"DELTAMÉTHRINE",""
3080,"IPRODIONE",""
3081,"MÉTHOMYL",""
3082,"ALPHA HCH",""
3083,"BETA HCH",""
3084,"BRASSICASTÉROL",""
3085,"C CHLORDANE",""
3086,"CIS NONACHLOR",""
3087,"CAMPÉSTANOL",""
3088,"CB-101",""
3089,"CB-118",""
3090,"CB-138",""
3091,"CB-153",""
3092,"CB-180",""
3093,"CB-28",""
3094,"CB-52",""
3095,"CHLORFENVINPHOS",""
3096,"CHLORONEB",""
3097,"CHLOROTHALONIL",""
3098,"COUMAPHOS",""
3099,"DCPA",""
3100,"DELTA HCH",""
3101,"DELTA-5 AVÉNASTÉROL",""
3102,"DELTA-7 AVÉNASTÉROL",""
3103,"DEMETHON O",""
3104,"DEMETHON S",""
3105,"DICLORAN",""
3106,"DIOXATHON",""
3107,"ENDOSULFAN SULFATE",""
3108,"ENDOSULFAN II",""
3109,"ENDRIN ALDÉHYDE",""
3110,"ENDRIN CÉTONE",""
3111,"EPN",""
3112,"ESTIGMASTÉROL",""
3113,"ETHOPROP",""
3114,"ETRIDIAZOLE",""
3115,"FAMPHUR",""
3116,"GAMMA HCH",""
3117,"ISODRIN",""
3118,"LEPTOPHOS",""
3119,"MIREX",""
3120,"PHOSMET",""
3121,"PHOSPHAMIDONE",""
3122,"PROPACHLOR",""
3123,"SULFOTEP",""
3124,"SULPROPHOS",""
3125,"TRANS NONACHLOR",""
3126,"TRICHLORONATE",""
3127,"TOKUTHION",""
3128,"TRIFLURALIN",""
3129,"CAPACITÉ DE RÉTENTION EN AIR","CRA"
3130,"POROSITÉ","POR"
3131,"G","G"
